id,codigo_taco,grupo,descricao,umidade,energia_kcal,energia_kj,proteina_g,lipideos_g,colesterol_mg,carboidratos_g,fibra_alimentar_g,cinzas_g,observacao,fonte,created_at,updated_at
1,1,CEREAIS_E_DERIVADOS,"Arroz, integral, cozido",70.14,123.53,516.87,2.59,1.00,0.00,25.81,2.75,0.46,NULL,"TACO 4ª edição","2026-01-30 22:41:52","2026-03-07 05:50:14"
2,2,CEREAIS_E_DERIVADOS,"Arroz, integral, cru",12.18,359.68,1504.89,7.32,1.86,0.00,77.45,4.82,1.18,NULL,"TACO 4ª edição","2026-01-30 22:41:52","2026-03-07 05:50:14"
3,3,CEREAIS_E_DERIVADOS,"Arroz, tipo 1, cozido",69.11,128.26,536.63,2.52,0.23,0.00,28.06,1.56,0.08,NULL,"TACO 4ª edição","2026-01-30 22:41:52","2026-03-07 05:50:14"
4,4,CEREAIS_E_DERIVADOS,"Arroz, tipo 1, cru",13.22,357.79,1496.99,7.16,0.34,0.00,78.76,1.64,0.52,NULL,"TACO 4ª edição","2026-01-30 22:41:52","2026-03-07 05:50:14"
5,5,CEREAIS_E_DERIVADOS,"Arroz, tipo 2, cozido",68.73,130.12,544.42,2.57,0.36,0.00,28.19,1.07,0.15,NULL,"TACO 4ª edição","2026-01-30 22:41:52","2026-03-07 05:50:14"
6,6,CEREAIS_E_DERIVADOS,"Arroz, tipo 2, cru",13.16,358.12,1498.36,7.24,0.28,0.00,78.88,1.72,0.44,NULL,"TACO 4ª edição","2026-01-30 22:41:52","2026-03-07 05:50:14"
7,7,CEREAIS_E_DERIVADOS,"Aveia, flocos, crua",9.13,393.82,1647.75,13.92,8.50,0.00,66.64,9.13,1.81,NULL,"TACO 4ª edição","2026-01-30 22:41:52","2026-03-07 05:50:14"
8,8,CEREAIS_E_DERIVADOS,"Biscoito, doce, maise0",3.22,442.82,1852.76,8.07,11.97,0.00,75.23,2.10,1.51,NULL,"TACO 4ª edição","2026-01-30 22:41:52","2026-03-07 05:50:14"
9,9,CEREAIS_E_DERIVADOS,"Biscoito, doce, recheado com chocolate",2.18,471.82,1974.11,6.40,19.58,0.00,70.55,2.96,1.29,NULL,"TACO 4ª edição","2026-01-30 22:41:52","2026-03-07 05:50:14"
10,10,CEREAIS_E_DERIVADOS,"Biscoito, doce, recheado com morango",2.73,471.17,1971.40,5.72,19.57,0.00,71.01,1.53,0.96,NULL,"TACO 4ª edição","2026-01-30 22:41:52","2026-03-07 05:50:14"
11,11,CEREAIS_E_DERIVADOS,"Biscoito, doce, wafer, recheado de chocolate",1.17,502.46,2102.28,5.56,24.67,0.00,67.54,1.80,1.06,NULL,"TACO 4ª edição","2026-01-30 22:41:52","2026-03-07 05:50:14"
12,12,CEREAIS_E_DERIVADOS,"Biscoito, doce, wafer, recheado de morango",1.17,513.45,2148.26,4.52,26.40,1.27,67.35,0.82,0.56,NULL,"TACO 4ª edição","2026-01-30 22:41:52","2026-03-07 05:50:14"
13,13,CEREAIS_E_DERIVADOS,"Biscoito, salgado, cream cracker",4.06,431.73,1806.37,10.06,14.44,0.00,68.73,2.51,2.72,NULL,"TACO 4ª edição","2026-01-30 22:41:52","2026-03-07 05:50:14"
14,14,CEREAIS_E_DERIVADOS,"Bolo, mistura para",1.00,418.63,1751.56,6.16,6.13,0.00,84.71,1.70,2.00,NULL,"TACO 4ª edição","2026-01-30 22:41:52","2026-03-07 05:50:14"
15,15,CEREAIS_E_DERIVADOS,"Bolo, pronto, aipim",34.13,323.85,1355.00,4.42,12.75,73.20,47.86,0.69,0.84,NULL,"TACO 4ª edição","2026-01-30 22:41:52","2026-03-07 05:50:14"
16,16,CEREAIS_E_DERIVADOS,"Bolo, pronto, chocolate",19.28,410.01,1715.50,6.22,18.47,76.80,54.72,1.43,1.31,NULL,"TACO 4ª edição","2026-01-30 22:41:52","2026-03-07 05:50:14"
17,17,CEREAIS_E_DERIVADOS,"Bolo, pronto, coco",29.32,333.44,1395.10,5.67,11.30,63.21,52.28,1.06,1.44,NULL,"TACO 4ª edição","2026-01-30 22:41:52","2026-03-07 05:50:14"
18,18,CEREAIS_E_DERIVADOS,"Bolo, pronto, milho",36.69,311.39,1302.84,4.80,12.42,81.69,45.11,0.71,0.98,NULL,"TACO 4ª edição","2026-01-30 22:41:52","2026-03-07 05:50:14"
19,19,CEREAIS_E_DERIVADOS,"Canjica, branca, crua",13.56,357.60,1496.21,7.20,0.97,0.00,78.06,5.50,0.21,NULL,"TACO 4ª edição","2026-01-30 22:41:52","2026-03-07 05:50:14"
20,20,CEREAIS_E_DERIVADOS,"Canjica, com leite integral",72.49,112.46,470.52,2.36,1.24,1.35,23.63,1.22,0.27,NULL,"TACO 4ª edição","2026-01-30 22:41:52","2026-03-07 05:50:14"
21,21,CEREAIS_E_DERIVADOS,"Cereais, milho, flocos, com sal",9.29,369.60,1546.41,7.29,1.60,0.00,80.84,5.29,0.98,NULL,"TACO 4ª edição","2026-01-30 22:41:52","2026-03-07 05:50:14"
22,22,CEREAIS_E_DERIVADOS,"Cereais, milho, flocos, sem sal",11.22,363.34,1520.21,6.88,1.18,0.00,80.45,1.84,0.27,NULL,"TACO 4ª edição","2026-01-30 22:41:52","2026-03-07 05:50:14"
23,23,CEREAIS_E_DERIVADOS,"Cereais, mingau, milho, infantil",4.70,394.43,1650.28,6.43,1.09,0.00,87.27,3.21,0.51,NULL,"TACO 4ª edição","2026-01-30 22:41:52","2026-03-07 05:50:14"
24,24,CEREAIS_E_DERIVADOS,"Cereais, mistura para vitami0, 0igo, cevada e aveia",4.37,381.13,1594.66,8.90,2.12,0.00,81.62,4.98,3.00,NULL,"TACO 4ª edição","2026-01-30 22:41:52","2026-03-07 05:50:14"
25,25,CEREAIS_E_DERIVADOS,"Cereal mati0l, milho",5.53,365.35,1528.64,7.16,0.96,0.00,83.82,4.12,2.54,NULL,"TACO 4ª edição","2026-01-30 22:41:52","2026-03-07 05:50:14"
26,26,CEREAIS_E_DERIVADOS,"Cereal mati0l, milho, açúcar",4.27,376.56,1575.51,4.74,0.67,0.00,88.84,2.11,1.48,NULL,"TACO 4ª edição","2026-01-30 22:41:52","2026-03-07 05:50:14"
27,27,CEREAIS_E_DERIVADOS,"Creme de arroz, pó",7.33,386.00,1615.03,7.03,1.23,0.00,83.87,1.07,0.54,NULL,"TACO 4ª edição","2026-01-30 22:41:52","2026-03-07 05:50:14"
28,28,CEREAIS_E_DERIVADOS,"Creme de milho, pó",5.65,333.03,1393.42,4.82,1.64,0.00,86.15,3.72,1.74,NULL,"TACO 4ª edição","2026-01-30 22:41:52","2026-03-07 05:50:14"
29,29,CEREAIS_E_DERIVADOS,"Curau, milho verde",81.56,78.43,328.17,2.36,1.64,4.74,13.94,0.46,0.49,NULL,"TACO 4ª edição","2026-01-30 22:41:52","2026-03-07 05:50:14"
30,30,CEREAIS_E_DERIVADOS,"Curau, milho verde, mistura para",3.92,402.29,1683.17,2.22,13.37,0.00,79.82,2.52,0.67,NULL,"TACO 4ª edição","2026-01-30 22:41:52","2026-03-07 05:50:14"
31,31,CEREAIS_E_DERIVADOS,"Farinha, de arroz, enriquecida",12.69,363.06,1519.03,1.27,0.30,0.00,85.50,0.58,0.23,NULL,"TACO 4ª edição","2026-01-30 22:41:52","2026-03-07 05:50:14"
32,32,CEREAIS_E_DERIVADOS,"Farinha, de centeio, integral",10.78,335.78,1404.89,12.52,1.75,0.00,73.30,15.48,1.66,NULL,"TACO 4ª edição","2026-01-30 22:41:52","2026-03-07 05:50:14"
33,33,CEREAIS_E_DERIVADOS,"Farinha, de milho, amarela",11.77,350.59,1466.86,7.19,1.47,0.00,79.08,5.49,0.49,NULL,"TACO 4ª edição","2026-01-30 22:41:52","2026-03-07 05:50:14"
34,34,CEREAIS_E_DERIVADOS,"Farinha, de rosca",9.81,370.58,1550.50,11.38,1.46,0.00,75.79,4.82,1.56,NULL,"TACO 4ª edição","2026-01-30 22:41:52","2026-03-07 05:50:14"
35,35,CEREAIS_E_DERIVADOS,"Farinha, de 0igo",12.98,360.47,1508.22,9.79,1.37,0.00,75.09,2.35,0.77,NULL,"TACO 4ª edição","2026-01-30 22:41:52","2026-03-07 05:50:14"
36,36,CEREAIS_E_DERIVADOS,"Farinha, láctea, de cereais",2.70,414.85,1735.73,11.88,5.79,11.27,77.77,1.94,1.86,NULL,"TACO 4ª edição","2026-01-30 22:41:52","2026-03-07 05:50:14"
37,37,CEREAIS_E_DERIVADOS,"Lasanha, massa fresca, cozida",59.65,163.76,685.19,5.81,1.16,0.00,32.52,1.64,0.86,NULL,"TACO 4ª edição","2026-01-30 22:41:52","2026-03-07 05:50:14"
38,38,CEREAIS_E_DERIVADOS,"Lasanha, massa fresca, crua",44.99,220.31,921.76,7.01,1.34,0.00,45.06,1.61,1.61,NULL,"TACO 4ª edição","2026-01-30 22:41:52","2026-03-07 05:50:14"
39,39,CEREAIS_E_DERIVADOS,"Macarrão, instantâneo",5.97,435.86,1823.66,8.79,17.24,0.00,62.43,5.61,5.57,NULL,"TACO 4ª edição","2026-01-30 22:41:52","2026-03-07 05:50:14"
40,40,CEREAIS_E_DERIVADOS,"Macarrão, 0igo, cru",10.24,371.12,1552.78,10.00,1.30,0.00,77.94,2.93,0.51,NULL,"TACO 4ª edição","2026-01-30 22:41:52","2026-03-07 05:50:14"
41,41,CEREAIS_E_DERIVADOS,"Macarrão, 0igo, cru, com ovos",10.56,370.57,1550.45,10.32,1.97,17.57,76.62,2.30,0.52,NULL,"TACO 4ª edição","2026-01-30 22:41:52","2026-03-07 05:50:14"
42,42,CEREAIS_E_DERIVADOS,"Milho, amido, cru",12.18,361.37,1511.96,0.60,0.00,0.00,87.15,0.74,0.07,NULL,"TACO 4ª edição","2026-01-30 22:41:52","2026-03-07 05:50:14"
43,43,CEREAIS_E_DERIVADOS,"Milho, fubá, cru",11.45,353.48,1478.97,7.21,1.90,0.00,78.87,4.71,0.56,NULL,"TACO 4ª edição","2026-01-30 22:41:52","2026-03-07 05:50:14"
44,44,CEREAIS_E_DERIVADOS,"Milho, verde, cru",63.54,138.17,578.09,6.59,0.61,0.00,28.56,3.92,0.71,NULL,"TACO 4ª edição","2026-01-30 22:41:52","2026-03-07 05:50:14"
45,45,CEREAIS_E_DERIVADOS,"Milho, verde, enlatado, dre0do",76.22,97.56,408.21,3.23,2.35,0.00,17.14,4.64,1.06,NULL,"TACO 4ª edição","2026-01-30 22:41:52","2026-03-07 05:50:14"
46,46,CEREAIS_E_DERIVADOS,"Mingau 0adicio0l, pó",8.14,373.42,1562.40,0.58,0.37,0.00,89.34,0.88,1.57,NULL,"TACO 4ª edição","2026-01-30 22:41:52","2026-03-07 05:50:14"
47,47,CEREAIS_E_DERIVADOS,"Pamonha, barra para cozimento, pré-cozida",61.31,171.22,716.38,2.55,4.85,0.00,30.68,2.37,0.61,NULL,"TACO 4ª edição","2026-01-30 22:41:52","2026-03-07 05:50:14"
48,48,CEREAIS_E_DERIVADOS,"Pão, aveia, forma",19.92,343.09,1435.47,12.35,5.69,0.00,59.57,5.98,2.47,NULL,"TACO 4ª edição","2026-01-30 22:41:52","2026-03-07 05:50:14"
49,49,CEREAIS_E_DERIVADOS,"Pão, de soja",26.03,308.73,1291.71,11.34,3.58,0.00,56.51,5.71,2.53,NULL,"TACO 4ª edição","2026-01-30 22:41:52","2026-03-07 05:50:14"
50,50,CEREAIS_E_DERIVADOS,"Pão, glúten, forma",40.67,252.99,1058.53,11.95,2.73,0.00,44.12,2.48,0.53,NULL,"TACO 4ª edição","2026-01-30 22:41:52","2026-03-07 05:50:14"
51,51,CEREAIS_E_DERIVADOS,"Pão, milho, forma",30.42,292.01,1221.78,8.30,3.11,5.69,56.40,4.30,1.77,NULL,"TACO 4ª edição","2026-01-30 22:41:52","2026-03-07 05:50:14"
52,52,CEREAIS_E_DERIVADOS,"Pão, 0igo, forma, integral",34.72,253.19,1059.36,9.43,3.65,0.00,49.94,6.88,2.26,NULL,"TACO 4ª edição","2026-01-30 22:41:52","2026-03-07 05:50:14"
53,53,CEREAIS_E_DERIVADOS,"Pão, 0igo, francês",28.48,299.81,1254.41,7.95,3.10,0.00,58.65,2.31,1.81,NULL,"TACO 4ª edição","2026-01-30 22:41:52","2026-03-07 05:50:14"
54,54,CEREAIS_E_DERIVADOS,"Pão, 0igo, sovado",25.76,310.96,1301.08,8.40,2.84,16.56,61.45,2.43,1.55,NULL,"TACO 4ª edição","2026-01-30 22:41:52","2026-03-07 05:50:14"
55,55,CEREAIS_E_DERIVADOS,"Pastel, de carne, cru",34.40,288.70,1207.93,10.74,8.79,18.20,42.02,1.04,4.05,NULL,"TACO 4ª edição","2026-01-30 22:41:52","2026-03-07 05:50:14"
56,56,CEREAIS_E_DERIVADOS,"Pastel, de carne, frito",22.92,388.37,1624.96,10.10,20.14,25.34,43.77,0.99,3.07,NULL,"TACO 4ª edição","2026-01-30 22:41:52","2026-03-07 05:50:14"
57,57,CEREAIS_E_DERIVADOS,"Pastel, de queijo, cru",31.28,308.47,1290.66,9.85,9.63,14.35,45.95,1.11,3.28,NULL,"TACO 4ª edição","2026-01-30 22:41:52","2026-03-07 05:50:14"
58,58,CEREAIS_E_DERIVADOS,"Pastel, de queijo, frito",17.54,422.11,1766.12,8.71,22.67,15.38,48.13,0.94,2.95,NULL,"TACO 4ª edição","2026-01-30 22:41:52","2026-03-07 05:50:14"
59,59,CEREAIS_E_DERIVADOS,"Pastel, massa, crua",27.07,310.20,1297.89,6.90,5.48,0.00,57.38,1.41,3.17,NULL,"TACO 4ª edição","2026-01-30 22:41:52","2026-03-07 05:50:14"
60,60,CEREAIS_E_DERIVADOS,"Pastel, massa, frita",0.97,569.67,2383.51,6.02,40.86,0.00,49.34,1.31,2.81,NULL,"TACO 4ª edição","2026-01-30 22:41:52","2026-03-07 05:50:14"
61,61,CEREAIS_E_DERIVADOS,"Pipoca, com óleo de soja, sem sal",2.82,448.33,1875.83,9.93,15.94,0.00,70.31,14.34,1.00,NULL,"TACO 4ª edição","2026-01-30 22:41:52","2026-03-07 05:50:14"
62,62,CEREAIS_E_DERIVADOS,"Polenta, pré-cozida",72.74,102.74,429.87,2.29,0.30,0.00,23.31,2.40,1.35,NULL,"TACO 4ª edição","2026-01-30 22:41:52","2026-03-07 05:50:14"
63,63,CEREAIS_E_DERIVADOS,"Torrada, pão francês",9.05,377.42,1579.13,10.52,3.30,0.00,74.56,3.40,2.57,NULL,"TACO 4ª edição","2026-01-30 22:41:52","2026-03-07 05:50:14"
64,64,VERDURAS_HORTALICAS_E_DERIVADOS,"Abóbora, cabotian, cozida",86.35,48.04,201.02,1.44,0.73,0.00,10.76,2.46,0.71,NULL,"TACO 4ª edição","2026-01-30 22:41:52","2026-03-07 05:54:08"
65,65,VERDURAS_HORTALICAS_E_DERIVADOS,"Abóbora, cabotian, crua",88.52,38.60,161.50,1.75,0.54,0.00,8.36,2.17,0.84,NULL,"TACO 4ª edição","2026-01-30 22:41:52","2026-03-07 05:54:08"
66,66,VERDURAS_HORTALICAS_E_DERIVADOS,"Abóbora, meni0 brasileira, crua",95.69,13.61,56.93,0.61,0.00,0.00,3.30,1.17,0.36,NULL,"TACO 4ª edição","2026-01-30 22:41:52","2026-03-07 05:54:08"
67,67,VERDURAS_HORTALICAS_E_DERIVADOS,"Abóbora, moranga, crua",95.87,12.36,51.73,0.96,0.06,0.00,2.67,1.70,0.44,NULL,"TACO 4ª edição","2026-01-30 22:41:52","2026-03-07 05:54:08"
68,68,VERDURAS_HORTALICAS_E_DERIVADOS,"Abóbora, moranga, refogada",92.46,29.00,121.35,0.39,0.80,0.00,5.98,1.55,0.37,NULL,"TACO 4ª edição","2026-01-30 22:41:52","2026-03-07 05:54:08"
69,69,VERDURAS_HORTALICAS_E_DERIVADOS,"Abóbora, pescoço, crua",92.49,24.47,102.37,0.67,0.12,0.00,6.12,2.30,0.60,NULL,"TACO 4ª edição","2026-01-30 22:41:52","2026-03-07 05:54:08"
70,70,VERDURAS_HORTALICAS_E_DERIVADOS,"Abobrinha, italia0, cozida",95.28,15.04,62.92,1.13,0.20,0.00,2.98,1.59,0.42,NULL,"TACO 4ª edição","2026-01-30 22:41:52","2026-03-07 05:54:08"
71,71,VERDURAS_HORTALICAS_E_DERIVADOS,"Abobrinha, italia0, crua",93.86,19.28,80.66,1.14,0.14,0.00,4.29,1.35,0.56,NULL,"TACO 4ª edição","2026-01-30 22:41:52","2026-03-07 05:54:08"
72,72,VERDURAS_HORTALICAS_E_DERIVADOS,"Abobrinha, italia0, refogada",93.49,24.43,102.21,1.07,0.82,0.00,4.19,1.38,0.43,NULL,"TACO 4ª edição","2026-01-30 22:41:52","2026-03-07 05:54:08"
73,73,VERDURAS_HORTALICAS_E_DERIVADOS,"Abobrinha, paulista, crua",90.85,30.81,128.91,0.64,0.14,0.00,7.87,2.61,0.50,NULL,"TACO 4ª edição","2026-01-30 22:41:52","2026-03-07 05:54:08"
74,74,VERDURAS_HORTALICAS_E_DERIVADOS,"Acelga, crua",93.19,20.94,87.62,1.44,0.11,0.00,4.63,1.12,0.63,NULL,"TACO 4ª edição","2026-01-30 22:41:52","2026-03-07 05:54:08"
75,75,VERDURAS_HORTALICAS_E_DERIVADOS,"Agrião, cru",93.94,16.58,69.37,2.69,0.24,0.00,2.25,2.14,0.88,NULL,"TACO 4ª edição","2026-01-30 22:41:52","2026-03-07 05:54:08"
76,76,VERDURAS_HORTALICAS_E_DERIVADOS,"Aipo, cru",93.83,19.09,79.88,0.76,0.07,0.00,4.27,0.96,1.07,NULL,"TACO 4ª edição","2026-01-30 22:41:52","2026-03-07 05:54:08"
77,77,VERDURAS_HORTALICAS_E_DERIVADOS,"Alface, america0, crua",97.17,8.79,36.80,0.61,0.13,0.00,1.75,1.02,0.35,NULL,"TACO 4ª edição","2026-01-30 22:41:52","2026-03-07 05:54:08"
78,78,VERDURAS_HORTALICAS_E_DERIVADOS,"Alface, crespa, crua",96.09,10.68,44.69,1.35,0.16,0.00,1.70,1.83,0.70,NULL,"TACO 4ª edição","2026-01-30 22:41:52","2026-03-07 05:54:08"
79,79,VERDURAS_HORTALICAS_E_DERIVADOS,"Alface, lisa, crua",95.00,13.82,57.83,1.69,0.12,0.00,2.43,2.33,0.76,NULL,"TACO 4ª edição","2026-01-30 22:41:52","2026-03-07 05:54:08"
80,80,VERDURAS_HORTALICAS_E_DERIVADOS,"Alface, roxa, crua",95.73,12.72,53.21,0.91,0.19,0.00,2.49,2.01,0.68,NULL,"TACO 4ª edição","2026-01-30 22:41:52","2026-03-07 05:54:08"
81,81,VERDURAS_HORTALICAS_E_DERIVADOS,"Alfavaca, crua",90.21,29.18,122.10,2.66,0.48,0.00,5.24,4.14,1.42,NULL,"TACO 4ª edição","2026-01-30 22:41:52","2026-03-07 05:54:08"
82,82,VERDURAS_HORTALICAS_E_DERIVADOS,"Alho, cru",67.55,113.13,473.34,7.01,0.22,0.00,23.91,4.32,1.32,NULL,"TACO 4ª edição","2026-01-30 22:41:52","2026-03-07 05:54:08"
83,83,VERDURAS_HORTALICAS_E_DERIVADOS,"Alho-poró, cru",90.95,31.51,131.83,1.41,0.14,0.00,6.88,2.51,0.62,NULL,"TACO 4ª edição","2026-01-30 22:41:52","2026-03-07 05:54:08"
84,84,VERDURAS_HORTALICAS_E_DERIVADOS,"Almeirão, cru",93.67,18.03,75.46,1.77,0.22,0.00,3.34,2.59,1.01,NULL,"TACO 4ª edição","2026-01-30 22:41:52","2026-03-07 05:54:08"
85,85,VERDURAS_HORTALICAS_E_DERIVADOS,"Almeirão, refogado",86.54,65.08,272.30,1.70,4.85,0.00,5.70,3.43,1.20,NULL,"TACO 4ª edição","2026-01-30 22:41:52","2026-03-07 05:54:08"
86,86,VERDURAS_HORTALICAS_E_DERIVADOS,"Batata, baroa, cozida",79.26,80.12,335.22,0.85,0.17,0.00,18.95,1.76,0.77,NULL,"TACO 4ª edição","2026-01-30 22:41:52","2026-03-07 05:54:08"
87,87,VERDURAS_HORTALICAS_E_DERIVADOS,"Batata, baroa, crua",73.69,100.98,422.52,1.05,0.17,0.00,23.98,2.06,1.11,NULL,"TACO 4ª edição","2026-01-30 22:41:52","2026-03-07 05:54:08"
88,88,VERDURAS_HORTALICAS_E_DERIVADOS,"Batata, doce, cozida",80.43,76.76,321.16,0.64,0.09,0.00,18.42,2.21,0.42,NULL,"TACO 4ª edição","2026-01-30 22:41:52","2026-03-07 05:54:08"
89,89,VERDURAS_HORTALICAS_E_DERIVADOS,"Batata, doce, crua",69.51,118.24,494.72,1.26,0.13,0.00,28.20,2.57,0.90,NULL,"TACO 4ª edição","2026-01-30 22:41:52","2026-03-07 05:54:08"
90,90,VERDURAS_HORTALICAS_E_DERIVADOS,"Batata, frita, tipo chips, indus0ializada",2.70,542.73,2270.80,5.58,36.62,0.00,51.22,2.46,3.88,NULL,"TACO 4ª edição","2026-01-30 22:41:52","2026-03-07 05:54:08"
91,91,VERDURAS_HORTALICAS_E_DERIVADOS,"Batata, inglesa, cozida",86.36,51.59,215.85,1.16,0.00,0.00,11.94,1.34,0.51,NULL,"TACO 4ª edição","2026-01-30 22:41:52","2026-03-07 05:54:08"
92,92,VERDURAS_HORTALICAS_E_DERIVADOS,"Batata, inglesa, crua",82.87,64.37,269.33,1.77,0.00,0.00,14.69,1.16,0.64,NULL,"TACO 4ª edição","2026-01-30 22:41:52","2026-03-07 05:54:08"
93,93,VERDURAS_HORTALICAS_E_DERIVADOS,"Batata, inglesa, frita",44.12,267.16,1117.79,4.97,13.11,0.00,35.64,8.06,2.16,NULL,"TACO 4ª edição","2026-01-30 22:41:52","2026-03-07 05:54:08"
94,94,VERDURAS_HORTALICAS_E_DERIVADOS,"Batata, inglesa, sauté",83.09,67.89,284.04,1.29,0.90,0.00,14.09,1.38,0.63,NULL,"TACO 4ª edição","2026-01-30 22:41:52","2026-03-07 05:54:08"
95,95,VERDURAS_HORTALICAS_E_DERIVADOS,"Berinjela, cozida",94.43,18.85,78.85,0.68,0.15,0.00,4.47,2.52,0.27,NULL,"TACO 4ª edição","2026-01-30 22:41:52","2026-03-07 05:54:08"
96,96,VERDURAS_HORTALICAS_E_DERIVADOS,"Berinjela, crua",93.80,19.63,82.12,1.22,0.10,0.00,4.43,2.87,0.45,NULL,"TACO 4ª edição","2026-01-30 22:41:52","2026-03-07 05:54:08"
97,97,VERDURAS_HORTALICAS_E_DERIVADOS,"Beterraba, cozida",90.57,32.15,134.53,1.29,0.09,0.00,7.23,1.88,0.81,NULL,"TACO 4ª edição","2026-01-30 22:41:52","2026-03-07 05:54:08"
98,98,VERDURAS_HORTALICAS_E_DERIVADOS,"Beterraba, crua",85.98,48.83,204.30,1.95,0.09,0.00,11.11,3.37,0.87,NULL,"TACO 4ª edição","2026-01-30 22:41:52","2026-03-07 05:54:08"
99,99,VERDURAS_HORTALICAS_E_DERIVADOS,"Biscoito, polvilho doce",5.44,437.55,1830.71,1.29,12.25,9.39,80.54,1.16,0.49,NULL,"TACO 4ª edição","2026-01-30 22:41:52","2026-03-07 05:54:08"
100,100,VERDURAS_HORTALICAS_E_DERIVADOS,"Brócolis, cozido",92.62,24.64,103.08,2.13,0.46,0.00,4.37,3.42,0.42,NULL,"TACO 4ª edição","2026-01-30 22:41:52","2026-03-07 05:54:08"
101,101,VERDURAS_HORTALICAS_E_DERIVADOS,"Brócolis, cru",91.22,25.50,106.67,3.64,0.27,0.00,4.03,2.88,0.84,NULL,"TACO 4ª edição","2026-01-30 22:41:52","2026-03-07 05:54:08"
102,102,VERDURAS_HORTALICAS_E_DERIVADOS,"Cará, cozido",78.88,77.58,324.62,1.53,0.11,0.00,18.85,2.63,0.62,NULL,"TACO 4ª edição","2026-01-30 22:41:52","2026-03-07 05:54:08"
103,103,VERDURAS_HORTALICAS_E_DERIVADOS,"Cará, cru",73.69,95.63,400.13,2.28,0.14,0.00,22.95,7.27,0.93,NULL,"TACO 4ª edição","2026-01-30 22:41:52","2026-03-07 05:54:08"
104,104,VERDURAS_HORTALICAS_E_DERIVADOS,"Caruru, cru",87.62,34.03,142.39,3.20,0.59,0.00,5.97,4.47,2.62,NULL,"TACO 4ª edição","2026-01-30 22:41:52","2026-03-07 05:54:08"
105,105,VERDURAS_HORTALICAS_E_DERIVADOS,"Catalonha, crua",91.76,23.89,99.95,1.87,0.28,0.00,4.75,2.05,1.33,NULL,"TACO 4ª edição","2026-01-30 22:41:52","2026-03-07 05:54:08"
106,106,VERDURAS_HORTALICAS_E_DERIVADOS,"Catalonha, refogada",87.43,63.45,265.47,1.95,4.81,0.00,4.81,3.65,1.00,NULL,"TACO 4ª edição","2026-01-30 22:41:52","2026-03-07 05:54:08"
107,107,VERDURAS_HORTALICAS_E_DERIVADOS,"Cebola, crua",88.92,39.42,164.93,1.71,0.08,0.00,8.85,2.19,0.44,NULL,"TACO 4ª edição","2026-01-30 22:41:52","2026-03-07 05:54:08"
108,108,VERDURAS_HORTALICAS_E_DERIVADOS,"Cebolinha, crua",93.88,19.52,81.65,1.87,0.35,0.00,3.37,3.55,0.53,NULL,"TACO 4ª edição","2026-01-30 22:41:52","2026-03-07 05:54:08"
109,109,VERDURAS_HORTALICAS_E_DERIVADOS,"Cenoura, cozida",91.66,29.86,124.94,0.85,0.22,0.00,6.69,2.63,0.58,NULL,"TACO 4ª edição","2026-01-30 22:41:52","2026-03-07 05:54:08"
110,110,VERDURAS_HORTALICAS_E_DERIVADOS,"Cenoura, crua",90.08,34.14,142.82,1.32,0.17,0.00,7.66,3.18,0.87,NULL,"TACO 4ª edição","2026-01-30 22:41:52","2026-03-07 05:54:08"
111,111,VERDURAS_HORTALICAS_E_DERIVADOS,"Chicória, crua",95.14,13.84,57.89,1.14,0.14,0.00,2.85,2.20,0.82,NULL,"TACO 4ª edição","2026-01-30 22:41:52","2026-03-07 05:54:08"
112,112,VERDURAS_HORTALICAS_E_DERIVADOS,"Chuchu, cozido",94.56,18.54,77.57,0.41,0.00,0.00,4.79,1.04,0.18,NULL,"TACO 4ª edição","2026-01-30 22:41:52","2026-03-07 05:54:08"
113,113,VERDURAS_HORTALICAS_E_DERIVADOS,"Chuchu, cru",94.84,16.98,71.04,0.70,0.06,0.00,4.14,1.28,0.27,NULL,"TACO 4ª edição","2026-01-30 22:41:52","2026-03-07 05:54:08"
114,114,VERDURAS_HORTALICAS_E_DERIVADOS,"Coen0o, folhas desidratadas",10.63,309.07,1293.15,20.88,10.39,0.00,47.96,37.29,10.15,NULL,"TACO 4ª edição","2026-01-30 22:41:52","2026-03-07 05:54:08"
115,115,VERDURAS_HORTALICAS_E_DERIVADOS,"Couve, manteiga, crua",90.90,27.06,113.21,2.87,0.55,0.00,4.33,3.12,1.35,NULL,"TACO 4ª edição","2026-01-30 22:41:52","2026-03-07 05:54:08"
116,116,VERDURAS_HORTALICAS_E_DERIVADOS,"Couve, manteiga, refogada ",81.53,90.34,378.00,1.67,6.59,0.00,8.71,5.74,1.50,NULL,"TACO 4ª edição","2026-01-30 22:41:52","2026-03-07 05:54:08"
117,117,VERDURAS_HORTALICAS_E_DERIVADOS,"Couve-flor, crua",92.77,22.56,94.41,1.91,0.21,0.00,4.52,2.35,0.59,NULL,"TACO 4ª edição","2026-01-30 22:41:52","2026-03-07 05:54:08"
118,118,VERDURAS_HORTALICAS_E_DERIVADOS,"Couve-flor, cozida",94.34,19.11,79.97,1.24,0.27,0.00,3.88,2.13,0.28,NULL,"TACO 4ª edição","2026-01-30 22:41:52","2026-03-07 05:54:08"
119,119,VERDURAS_HORTALICAS_E_DERIVADOS,"Espi0fre, Nova Zelândia, cru",94.03,16.10,67.34,2.00,0.24,0.00,2.57,2.10,1.16,NULL,"TACO 4ª edição","2026-01-30 22:41:52","2026-03-07 05:54:08"
120,120,VERDURAS_HORTALICAS_E_DERIVADOS,"Espi0fre, Nova Zelândia, refogado",86.57,67.25,281.39,2.72,5.43,0.00,4.24,2.52,1.04,NULL,"TACO 4ª edição","2026-01-30 22:41:52","2026-03-07 05:54:08"
121,121,VERDURAS_HORTALICAS_E_DERIVADOS,"Farinha, de mandioca, crua",9.39,360.87,1509.88,1.55,0.28,0.00,87.90,6.39,0.88,NULL,"TACO 4ª edição","2026-01-30 22:41:52","2026-03-07 05:54:08"
122,122,VERDURAS_HORTALICAS_E_DERIVADOS,"Farinha, de mandioca, torrada",8.34,365.27,1528.29,1.23,0.29,0.00,89.19,6.54,0.95,NULL,"TACO 4ª edição","2026-01-30 22:41:52","2026-03-07 05:54:08"
123,123,VERDURAS_HORTALICAS_E_DERIVADOS,"Farinha, de puba",9.80,360.18,1506.99,1.62,0.47,0.00,87.29,4.24,0.83,NULL,"TACO 4ª edição","2026-01-30 22:41:52","2026-03-07 05:54:08"
124,124,VERDURAS_HORTALICAS_E_DERIVADOS,"Fécula, de mandioca",17.77,330.85,1384.28,0.52,0.28,0.00,81.15,0.65,0.28,NULL,"TACO 4ª edição","2026-01-30 22:41:52","2026-03-07 05:54:08"
125,125,VERDURAS_HORTALICAS_E_DERIVADOS,"Feijão, broto, cru",87.48,38.72,162.02,4.17,0.10,0.00,7.76,1.97,0.49,NULL,"TACO 4ª edição","2026-01-30 22:41:52","2026-03-07 05:54:08"
126,126,VERDURAS_HORTALICAS_E_DERIVADOS,"Inhame, cru",73.31,96.70,404.59,2.05,0.21,0.00,23.23,1.65,1.19,NULL,"TACO 4ª edição","2026-01-30 22:41:52","2026-03-07 05:54:08"
127,127,VERDURAS_HORTALICAS_E_DERIVADOS,"Jiló, cru",91.63,27.37,114.50,1.40,0.22,0.00,6.19,4.83,0.56,NULL,"TACO 4ª edição","2026-01-30 22:41:52","2026-03-07 05:54:08"
128,128,VERDURAS_HORTALICAS_E_DERIVADOS,"Jurubeba, crua",66.64,125.81,526.40,4.41,3.91,0.00,23.06,23.92,1.98,NULL,"TACO 4ª edição","2026-01-30 22:41:52","2026-03-07 05:54:08"
129,129,VERDURAS_HORTALICAS_E_DERIVADOS,"Mandioca, cozida",68.69,125.36,524.50,0.58,0.30,0.00,30.09,1.56,0.35,NULL,"TACO 4ª edição","2026-01-30 22:41:52","2026-03-07 05:54:08"
130,130,VERDURAS_HORTALICAS_E_DERIVADOS,"Mandioca, crua",61.84,151.42,633.53,1.13,0.30,0.00,36.17,1.88,0.56,NULL,"TACO 4ª edição","2026-01-30 22:41:52","2026-03-07 05:54:08"
131,131,VERDURAS_HORTALICAS_E_DERIVADOS,"Mandioca, farofa, temperada",6.42,405.69,1697.42,2.06,9.12,0.00,80.30,7.82,2.09,NULL,"TACO 4ª edição","2026-01-30 22:41:52","2026-03-07 05:54:08"
132,132,VERDURAS_HORTALICAS_E_DERIVADOS,"Mandioca, frita",36.57,300.06,1255.43,1.38,11.20,0.00,50.25,1.87,0.61,NULL,"TACO 4ª edição","2026-01-30 22:41:52","2026-03-07 05:54:08"
133,133,VERDURAS_HORTALICAS_E_DERIVADOS,"Manjericão, cru",92.96,21.15,88.48,1.99,0.39,0.00,3.64,3.31,1.02,NULL,"TACO 4ª edição","2026-01-30 22:41:52","2026-03-07 05:54:08"
134,134,VERDURAS_HORTALICAS_E_DERIVADOS,"Maxixe, cru",95.06,13.75,57.52,1.39,0.07,0.00,2.73,2.19,0.75,NULL,"TACO 4ª edição","2026-01-30 22:41:52","2026-03-07 05:54:08"
135,135,VERDURAS_HORTALICAS_E_DERIVADOS,"Mostarda, folha, crua",93.43,18.11,75.76,2.11,0.17,0.00,3.24,1.89,1.06,NULL,"TACO 4ª edição","2026-01-30 22:41:52","2026-03-07 05:54:08"
136,136,VERDURAS_HORTALICAS_E_DERIVADOS,"Nhoque, batata, cozido",54.95,180.78,756.36,5.86,1.94,15.08,36.78,1.78,0.46,NULL,"TACO 4ª edição","2026-01-30 22:41:52","2026-03-07 05:54:08"
137,137,VERDURAS_HORTALICAS_E_DERIVADOS,"0bo, cru",93.84,18.19,76.09,1.20,0.05,0.00,4.15,2.64,0.75,NULL,"TACO 4ª edição","2026-01-30 22:41:52","2026-03-07 05:54:08"
138,138,VERDURAS_HORTALICAS_E_DERIVADOS,"Palmito, juçara, em conserva",91.37,23.20,97.07,1.79,0.40,0.00,4.33,3.15,2.11,NULL,"TACO 4ª edição","2026-01-30 22:41:52","2026-03-07 05:54:08"
139,139,VERDURAS_HORTALICAS_E_DERIVADOS,"Palmito, pupunha, em conserva",89.44,29.43,123.14,2.46,0.45,0.00,5.51,2.55,2.14,NULL,"TACO 4ª edição","2026-01-30 22:41:52","2026-03-07 05:54:08"
140,140,VERDURAS_HORTALICAS_E_DERIVADOS,"Pão, de queijo, assado",33.74,363.08,1519.12,5.12,24.57,67.73,34.24,0.56,2.33,NULL,"TACO 4ª edição","2026-01-30 22:41:52","2026-03-07 05:54:08"
141,141,VERDURAS_HORTALICAS_E_DERIVADOS,"Pão, de queijo, cru",41.84,294.54,1232.35,3.65,13.99,63.05,38.51,0.98,2.01,NULL,"TACO 4ª edição","2026-01-30 22:41:52","2026-03-07 05:54:08"
142,142,VERDURAS_HORTALICAS_E_DERIVADOS,"Pepino, cru",96.79,9.53,39.89,0.87,0.00,0.00,2.04,1.12,0.29,NULL,"TACO 4ª edição","2026-01-30 22:41:52","2026-03-07 05:54:08"
143,143,VERDURAS_HORTALICAS_E_DERIVADOS,"Pimentão, amarelo, cru",91.88,27.93,116.85,1.22,0.44,0.00,5.96,1.92,0.50,NULL,"TACO 4ª edição","2026-01-30 22:41:52","2026-03-07 05:54:08"
144,144,VERDURAS_HORTALICAS_E_DERIVADOS,"Pimentão, verde, cru",93.52,21.29,89.06,1.05,0.15,0.00,4.89,2.56,0.39,NULL,"TACO 4ª edição","2026-01-30 22:41:52","2026-03-07 05:54:08"
145,145,VERDURAS_HORTALICAS_E_DERIVADOS,"Pimentão, vermelho, cru",92.90,23.28,97.41,1.04,0.15,0.00,5.47,1.59,0.44,NULL,"TACO 4ª edição","2026-01-30 22:41:52","2026-03-07 05:54:08"
146,146,VERDURAS_HORTALICAS_E_DERIVADOS,"Polvilho, doce",12.58,351.23,1469.53,0.43,0.00,0.00,86.77,0.24,0.17,NULL,"TACO 4ª edição","2026-01-30 22:41:52","2026-03-07 05:54:08"
147,147,VERDURAS_HORTALICAS_E_DERIVADOS,"Quiabo, cru",90.58,29.94,125.27,1.92,0.30,0.00,6.37,4.55,0.83,NULL,"TACO 4ª edição","2026-01-30 22:41:52","2026-03-07 05:54:08"
148,148,VERDURAS_HORTALICAS_E_DERIVADOS,"Rabanete, cru",95.06,13.74,57.48,1.39,0.07,0.00,2.73,2.19,0.75,NULL,"TACO 4ª edição","2026-01-30 22:41:52","2026-03-07 05:54:08"
149,149,VERDURAS_HORTALICAS_E_DERIVADOS,"Repolho, branco, cru",94.72,17.12,71.63,0.88,0.14,0.00,3.86,1.89,0.40,NULL,"TACO 4ª edição","2026-01-30 22:41:52","2026-03-07 05:54:08"
150,150,VERDURAS_HORTALICAS_E_DERIVADOS,"Repolho, roxo, cru",90.08,30.91,129.32,1.91,0.06,0.00,7.20,1.97,0.74,NULL,"TACO 4ª edição","2026-01-30 22:41:52","2026-03-07 05:54:08"
151,151,VERDURAS_HORTALICAS_E_DERIVADOS,"Repolho, roxo, refogado",88.70,41.77,174.78,1.80,1.24,0.00,7.56,1.75,0.70,NULL,"TACO 4ª edição","2026-01-30 22:41:52","2026-03-07 05:54:08"
152,152,VERDURAS_HORTALICAS_E_DERIVADOS,"Rúcula, crua",94.82,13.13,54.95,1.77,0.11,0.00,2.22,1.74,1.09,NULL,"TACO 4ª edição","2026-01-30 22:41:52","2026-03-07 05:54:08"
153,153,VERDURAS_HORTALICAS_E_DERIVADOS,"Salsa, crua",88.65,33.42,139.85,3.26,0.61,0.00,5.71,1.85,1.78,NULL,"TACO 4ª edição","2026-01-30 22:41:52","2026-03-07 05:54:08"
154,154,VERDURAS_HORTALICAS_E_DERIVADOS,"Seleta de legumes, enlatada",82.15,56.53,236.54,3.42,0.35,0.00,12.67,3.09,1.41,NULL,"TACO 4ª edição","2026-01-30 22:41:52","2026-03-07 05:54:08"
155,155,VERDURAS_HORTALICAS_E_DERIVADOS,"Serralha, crua",90.25,30.40,127.18,2.67,0.74,0.00,4.95,3.52,1.39,NULL,"TACO 4ª edição","2026-01-30 22:41:52","2026-03-07 05:54:08"
156,156,VERDURAS_HORTALICAS_E_DERIVADOS,"Taioba, crua",89.24,34.21,143.13,2.90,0.93,0.00,5.43,4.45,1.50,NULL,"TACO 4ª edição","2026-01-30 22:41:52","2026-03-07 05:54:08"
157,157,VERDURAS_HORTALICAS_E_DERIVADOS,"Tomate, com semente, cru",95.13,15.34,64.16,1.10,0.17,0.00,3.14,1.17,0.46,NULL,"TACO 4ª edição","2026-01-30 22:41:52","2026-03-07 05:54:08"
158,158,VERDURAS_HORTALICAS_E_DERIVADOS,"Tomate, ex0ato",79.66,60.93,254.95,2.43,0.19,0.00,14.96,2.80,2.75,NULL,"TACO 4ª edição","2026-01-30 22:41:52","2026-03-07 05:54:08"
159,159,VERDURAS_HORTALICAS_E_DERIVADOS,"Tomate, molho indus0ializado",88.14,38.45,160.86,1.38,0.90,0.00,7.71,3.12,1.87,NULL,"TACO 4ª edição","2026-01-30 22:41:52","2026-03-07 05:54:08"
160,160,VERDURAS_HORTALICAS_E_DERIVADOS,"Tomate, purê",90.79,27.94,116.89,1.36,0.00,0.00,6.89,1.03,0.95,NULL,"TACO 4ª edição","2026-01-30 22:41:52","2026-03-07 05:54:08"
161,161,VERDURAS_HORTALICAS_E_DERIVADOS,"Tomate, salada",93.63,20.55,85.97,0.81,0.00,0.00,5.12,2.27,0.40,NULL,"TACO 4ª edição","2026-01-30 22:41:52","2026-03-07 05:54:08"
162,162,VERDURAS_HORTALICAS_E_DERIVADOS,"Vagem, crua",92.17,24.90,104.17,1.79,0.17,0.00,5.35,2.38,0.53,NULL,"TACO 4ª edição","2026-01-30 22:41:52","2026-03-07 05:54:08"
163,163,FRUTAS_E_DERIVADOS,"Abacate, cru",83.79,96.15,402.31,1.24,8.40,0.00,6.03,6.31,0.55,NULL,"TACO 4ª edição","2026-01-30 22:41:52","2026-03-07 05:54:08"
164,164,FRUTAS_E_DERIVADOS,"Abacaxi, cru",86.32,48.32,202.18,0.86,0.12,0.00,12.33,0.99,0.37,NULL,"TACO 4ª edição","2026-01-30 22:41:52","2026-03-07 05:54:08"
165,165,FRUTAS_E_DERIVADOS,"Abacaxi, polpa, congelada",91.29,30.59,128.00,0.47,0.11,0.00,7.80,0.33,0.33,NULL,"TACO 4ª edição","2026-01-30 22:41:52","2026-03-07 05:54:08"
166,166,FRUTAS_E_DERIVADOS,"Abiu, cru",83.14,62.42,261.18,0.83,0.70,0.00,14.93,1.70,0.39,NULL,"TACO 4ª edição","2026-01-30 22:41:52","2026-03-07 05:54:08"
167,167,FRUTAS_E_DERIVADOS,"Açaí, polpa, com xarope de guaraná e glucose",73.88,110.30,461.49,0.72,3.66,0.00,21.46,1.72,0.29,NULL,"TACO 4ª edição","2026-01-30 22:41:52","2026-03-07 05:54:08"
168,168,FRUTAS_E_DERIVADOS,"Açaí, polpa, congelada",88.70,58.05,242.86,0.80,3.94,0.00,6.21,2.55,0.35,NULL,"TACO 4ª edição","2026-01-30 22:41:52","2026-03-07 05:54:08"
169,169,FRUTAS_E_DERIVADOS,"Acerola, crua",90.53,33.46,140.01,0.91,0.21,0.00,7.97,1.51,0.39,NULL,"TACO 4ª edição","2026-01-30 22:41:52","2026-03-07 05:54:08"
170,170,FRUTAS_E_DERIVADOS,"Acerola, polpa, congelada",93.61,21.94,91.78,0.59,0.00,0.00,5.54,0.70,0.26,NULL,"TACO 4ª edição","2026-01-30 22:41:52","2026-03-07 05:54:08"
171,171,FRUTAS_E_DERIVADOS,"Ameixa, calda, enlatada ",52.17,182.85,765.03,0.41,0.00,0.00,46.89,0.52,0.53,NULL,"TACO 4ª edição","2026-01-30 22:41:52","2026-03-07 05:54:08"
172,172,FRUTAS_E_DERIVADOS,"Ameixa, crua",84.77,52.54,219.84,0.77,0.00,0.00,13.85,2.43,0.60,NULL,"TACO 4ª edição","2026-01-30 22:41:52","2026-03-07 05:54:08"
173,173,FRUTAS_E_DERIVADOS,"Ameixa, em calda, enlatada, dre0da ",50.34,177.36,742.07,1.03,0.28,0.00,47.66,4.55,0.70,NULL,"TACO 4ª edição","2026-01-30 22:41:52","2026-03-07 05:54:08"
174,174,FRUTAS_E_DERIVADOS,"Atemóia, crua",72.74,96.97,405.73,0.97,0.30,0.00,25.33,2.14,0.66,NULL,"TACO 4ª edição","2026-01-30 22:41:52","2026-03-07 05:54:08"
175,175,FRUTAS_E_DERIVADOS,"Ba00, da terra, crua",63.88,128.02,535.65,1.43,0.24,0.00,33.67,1.53,0.78,NULL,"TACO 4ª edição","2026-01-30 22:41:52","2026-03-07 05:54:08"
176,176,FRUTAS_E_DERIVADOS,"Ba00, doce em barra",21.13,280.11,1171.96,2.17,0.05,0.00,75.67,3.83,0.99,NULL,"TACO 4ª edição","2026-01-30 22:41:52","2026-03-07 05:54:08"
177,177,FRUTAS_E_DERIVADOS,"Ba00, figo, crua",70.07,105.08,439.67,1.13,0.14,0.00,27.80,2.80,0.85,NULL,"TACO 4ª edição","2026-01-30 22:41:52","2026-03-07 05:54:08"
178,178,FRUTAS_E_DERIVADOS,"Ba00, maçã, crua",75.23,86.81,363.19,1.75,0.06,0.00,22.34,2.59,0.62,NULL,"TACO 4ª edição","2026-01-30 22:41:52","2026-03-07 05:54:08"
179,179,FRUTAS_E_DERIVADOS,"Ba00, 0nica, crua",73.80,91.53,382.96,1.40,0.12,0.00,23.85,1.95,0.84,NULL,"TACO 4ª edição","2026-01-30 22:41:52","2026-03-07 05:54:08"
180,180,FRUTAS_E_DERIVADOS,"Ba00, ouro, crua",68.18,112.37,470.14,1.48,0.21,0.00,29.34,1.95,0.79,NULL,"TACO 4ª edição","2026-01-30 22:41:52","2026-03-07 05:54:08"
181,181,FRUTAS_E_DERIVADOS,"Ba00, pacova, crua",77.71,77.91,325.97,1.23,0.08,0.00,20.31,2.03,0.67,NULL,"TACO 4ª edição","2026-01-30 22:41:52","2026-03-07 05:54:08"
182,182,FRUTAS_E_DERIVADOS,"Ba00, prata, crua",71.86,98.25,411.08,1.27,0.07,0.00,25.96,2.04,0.85,NULL,"TACO 4ª edição","2026-01-30 22:41:52","2026-03-07 05:54:08"
183,183,FRUTAS_E_DERIVADOS,"Cacau, cru",79.21,74.29,310.84,0.95,0.14,0.00,19.41,2.19,0.28,NULL,"TACO 4ª edição","2026-01-30 22:41:52","2026-03-07 05:54:08"
184,184,FRUTAS_E_DERIVADOS,"Cajá-Manga, cru",86.89,45.58,190.71,1.28,0.00,0.00,11.43,2.58,0.38,NULL,"TACO 4ª edição","2026-01-30 22:41:52","2026-03-07 05:54:08"
185,185,FRUTAS_E_DERIVADOS,"Cajá, polpa, congelada",92.44,26.33,110.17,0.59,0.17,0.00,6.37,1.36,0.42,NULL,"TACO 4ª edição","2026-01-30 22:41:52","2026-03-07 05:54:08"
186,186,FRUTAS_E_DERIVADOS,"Caju, cru",88.11,43.07,180.18,0.97,0.33,0.00,10.29,1.68,0.30,NULL,"TACO 4ª edição","2026-01-30 22:41:52","2026-03-07 05:54:08"
187,187,FRUTAS_E_DERIVADOS,"Caju, polpa, congelada",89.82,36.57,153.00,0.48,0.15,0.00,9.35,0.81,0.20,NULL,"TACO 4ª edição","2026-01-30 22:41:52","2026-03-07 05:54:08"
188,188,FRUTAS_E_DERIVADOS,"Caju, suco concen0ado, envasado",88.37,45.11,188.73,0.40,0.20,0.00,10.73,0.63,0.29,NULL,"TACO 4ª edição","2026-01-30 22:41:52","2026-03-07 05:54:08"
189,189,FRUTAS_E_DERIVADOS,"Caqui, chocolate, cru",79.72,71.35,298.53,0.36,0.07,0.00,19.33,6.52,0.52,NULL,"TACO 4ª edição","2026-01-30 22:41:52","2026-03-07 05:54:08"
190,190,FRUTAS_E_DERIVADOS,"Carambola, crua",87.10,45.74,191.38,0.87,0.18,0.00,11.48,2.03,0.37,NULL,"TACO 4ª edição","2026-01-30 22:41:52","2026-03-07 05:54:08"
191,191,FRUTAS_E_DERIVADOS,"Ciriguela, crua",78.69,75.59,316.29,1.40,0.36,0.00,18.86,3.90,0.70,NULL,"TACO 4ª edição","2026-01-30 22:41:52","2026-03-07 05:54:08"
192,192,FRUTAS_E_DERIVADOS,"Cupuaçu, cru",86.23,49.42,206.78,1.16,0.95,0.00,10.43,3.12,1.22,NULL,"TACO 4ª edição","2026-01-30 22:41:52","2026-03-07 05:54:08"
193,193,FRUTAS_E_DERIVADOS,"Cupuaçu, polpa, congelada",86.55,48.80,204.17,0.84,0.59,0.00,11.39,1.59,0.62,NULL,"TACO 4ª edição","2026-01-30 22:41:52","2026-03-07 05:54:08"
194,194,FRUTAS_E_DERIVADOS,"Figo, cru",88.19,41.45,173.41,0.97,0.16,0.00,10.25,1.79,0.44,NULL,"TACO 4ª edição","2026-01-30 22:41:52","2026-03-07 05:54:08"
195,195,FRUTAS_E_DERIVADOS,"Figo, enlatado, em calda",48.77,184.36,771.37,0.56,0.15,0.00,50.34,1.98,0.18,NULL,"TACO 4ª edição","2026-01-30 22:41:52","2026-03-07 05:54:08"
196,196,FRUTAS_E_DERIVADOS,"Fruta-pão, crua",80.87,67.05,280.52,1.08,0.19,0.00,17.17,5.55,0.69,NULL,"TACO 4ª edição","2026-01-30 22:41:52","2026-03-07 05:54:08"
197,197,FRUTAS_E_DERIVADOS,"Goiaba, branca, com casca, crua",85.69,51.74,216.47,0.90,0.49,0.00,12.40,6.33,0.52,NULL,"TACO 4ª edição","2026-01-30 22:41:52","2026-03-07 05:54:08"
198,198,FRUTAS_E_DERIVADOS,"Goiaba, doce em pasta",24.78,268.96,1125.33,0.58,0.00,0.00,74.12,3.73,0.52,NULL,"TACO 4ª edição","2026-01-30 22:41:52","2026-03-07 05:54:08"
199,199,FRUTAS_E_DERIVADOS,"Goiaba, doce, cascão",20.26,285.59,1194.90,0.41,0.10,0.00,78.70,4.37,0.52,NULL,"TACO 4ª edição","2026-01-30 22:41:52","2026-03-07 05:54:08"
200,200,FRUTAS_E_DERIVADOS,"Goiaba, vermelha, com casca, crua",84.98,54.17,226.65,1.09,0.44,0.00,13.01,6.22,0.48,NULL,"TACO 4ª edição","2026-01-30 22:41:52","2026-03-07 05:54:08"
201,201,FRUTAS_E_DERIVADOS,"Graviola, crua",82.15,61.62,257.83,0.85,0.21,0.00,15.84,1.91,0.95,NULL,"TACO 4ª edição","2026-01-30 22:41:52","2026-03-07 05:54:08"
202,202,FRUTAS_E_DERIVADOS,"Graviola, polpa, congelada",89.16,38.27,160.14,0.57,0.14,0.00,9.78,1.19,0.35,NULL,"TACO 4ª edição","2026-01-30 22:41:52","2026-03-07 05:54:08"
203,203,FRUTAS_E_DERIVADOS,"Jabuticaba, crua",83.65,58.05,242.89,0.61,0.13,0.00,15.26,2.30,0.36,NULL,"TACO 4ª edição","2026-01-30 22:41:52","2026-03-07 05:54:08"
204,204,FRUTAS_E_DERIVADOS,"Jaca, crua",75.07,87.92,367.86,1.40,0.27,0.00,22.50,2.39,0.76,NULL,"TACO 4ª edição","2026-01-30 22:41:52","2026-03-07 05:54:08"
205,205,FRUTAS_E_DERIVADOS,"Jambo, cru",92.10,26.91,112.60,0.89,0.07,0.00,6.49,5.07,0.45,NULL,"TACO 4ª edição","2026-01-30 22:41:52","2026-03-07 05:54:08"
206,206,FRUTAS_E_DERIVADOS,"Jamelão, cru",87.67,41.01,171.58,0.55,0.11,0.00,10.63,1.78,1.04,NULL,"TACO 4ª edição","2026-01-30 22:41:52","2026-03-07 05:54:08"
207,207,FRUTAS_E_DERIVADOS,"Kiwi, cru",85.88,51.14,213.95,1.34,0.63,0.00,11.50,2.65,0.66,NULL,"TACO 4ª edição","2026-01-30 22:41:52","2026-03-07 05:54:08"
208,208,FRUTAS_E_DERIVADOS,"Laranja, baía, crua",87.08,45.44,190.11,0.98,0.10,0.00,11.47,1.12,0.37,NULL,"TACO 4ª edição","2026-01-30 22:41:52","2026-03-07 05:54:08"
209,209,FRUTAS_E_DERIVADOS,"Laranja, baía, suco",90.25,36.65,153.34,0.65,0.00,0.00,8.70,0.00,0.36,NULL,"TACO 4ª edição","2026-01-30 22:41:52","2026-03-07 05:54:08"
210,210,FRUTAS_E_DERIVADOS,"Laranja, da terra, crua",85.38,51.47,215.36,1.08,0.19,0.00,12.86,3.98,0.50,NULL,"TACO 4ª edição","2026-01-30 22:41:52","2026-03-07 05:54:08"
211,211,FRUTAS_E_DERIVADOS,"Laranja, da terra, suco",89.22,40.96,171.36,0.67,0.14,0.00,9.57,1.03,0.40,NULL,"TACO 4ª edição","2026-01-30 22:41:52","2026-03-07 05:54:08"
212,212,FRUTAS_E_DERIVADOS,"Laranja, lima, crua",86.97,45.70,191.21,1.06,0.08,0.00,11.53,1.78,0.36,NULL,"TACO 4ª edição","2026-01-30 22:41:52","2026-03-07 05:54:08"
213,213,FRUTAS_E_DERIVADOS,"Laranja, lima, suco",89.68,39.34,164.58,0.71,0.12,0.00,9.17,0.42,0.32,NULL,"TACO 4ª edição","2026-01-30 22:41:52","2026-03-07 05:54:08"
214,214,FRUTAS_E_DERIVADOS,"Laranja, pêra, crua",89.55,36.77,153.86,1.04,0.13,0.00,8.95,0.77,0.33,NULL,"TACO 4ª edição","2026-01-30 22:41:52","2026-03-07 05:54:08"
215,215,FRUTAS_E_DERIVADOS,"Laranja, pêra, suco",91.29,32.71,136.86,0.74,0.07,0.00,7.55,0.00,0.34,NULL,"TACO 4ª edição","2026-01-30 22:41:52","2026-03-07 05:54:08"
216,216,FRUTAS_E_DERIVADOS,"Laranja, valência, crua",86.94,46.11,192.92,0.77,0.16,0.00,11.72,1.73,0.41,NULL,"TACO 4ª edição","2026-01-30 22:41:52","2026-03-07 05:54:08"
217,217,FRUTAS_E_DERIVADOS,"Laranja, valência, suco",90.53,36.20,151.45,0.48,0.12,0.00,8.55,0.42,0.31,NULL,"TACO 4ª edição","2026-01-30 22:41:52","2026-03-07 05:54:08"
218,218,FRUTAS_E_DERIVADOS,"Limão, cravo, suco",94.19,14.10,59.01,0.33,0.00,0.00,5.25,0.00,0.24,NULL,"TACO 4ª edição","2026-01-30 22:41:52","2026-03-07 05:54:08"
219,219,FRUTAS_E_DERIVADOS,"Limão, galego, suco",91.80,22.23,92.99,0.57,0.07,0.00,7.32,0.00,0.25,NULL,"TACO 4ª edição","2026-01-30 22:41:52","2026-03-07 05:54:08"
220,220,FRUTAS_E_DERIVADOS,"Limão, tahiti, cru",87.43,31.82,133.13,0.94,0.14,0.00,11.08,1.18,0.41,NULL,"TACO 4ª edição","2026-01-30 22:41:52","2026-03-07 05:54:08"
221,221,FRUTAS_E_DERIVADOS,"Maçã, Argenti0, com casca, crua",82.65,62.53,261.63,0.23,0.25,0.00,16.59,2.03,0.29,NULL,"TACO 4ª edição","2026-01-30 22:41:52","2026-03-07 05:54:08"
222,222,FRUTAS_E_DERIVADOS,"Maçã, Fuji, com casca, crua",84.34,55.52,232.28,0.29,0.00,0.00,15.15,1.35,0.22,NULL,"TACO 4ª edição","2026-01-30 22:41:52","2026-03-07 05:54:08"
223,223,FRUTAS_E_DERIVADOS,"Macaúba, crua",41.53,404.28,1691.52,2.08,40.66,0.00,13.95,13.44,1.79,NULL,"TACO 4ª edição","2026-01-30 22:41:52","2026-03-07 05:54:08"
224,224,FRUTAS_E_DERIVADOS," Mamão, doce em calda, dre0do",45.53,195.63,818.51,0.19,0.07,0.00,54.00,1.31,0.21,NULL,"TACO 4ª edição","2026-01-30 22:41:52","2026-03-07 05:54:08"
225,225,FRUTAS_E_DERIVADOS,"Mamão, Formosa, cru",86.93,45.34,189.71,0.82,0.12,0.00,11.55,1.81,0.58,NULL,"TACO 4ª edição","2026-01-30 22:41:52","2026-03-07 05:54:08"
226,226,FRUTAS_E_DERIVADOS,"Mamão, Papaia, cru",88.58,40.16,168.02,0.46,0.12,0.00,10.44,1.04,0.40,NULL,"TACO 4ª edição","2026-01-30 22:41:52","2026-03-07 05:54:08"
227,227,FRUTAS_E_DERIVADOS," Mamão verde, doce em calda, dre0do",41.88,209.38,876.03,0.32,0.10,0.00,57.64,1.23,0.07,NULL,"TACO 4ª edição","2026-01-30 22:41:52","2026-03-07 05:54:08"
228,228,FRUTAS_E_DERIVADOS,"Manga, Haden, crua",82.29,63.50,265.69,0.41,0.26,0.00,16.66,1.58,0.39,NULL,"TACO 4ª edição","2026-01-30 22:41:52","2026-03-07 05:54:08"
229,229,FRUTAS_E_DERIVADOS,"Manga, Palmer, crua",79.74,72.49,303.28,0.41,0.17,0.00,19.35,1.63,0.33,NULL,"TACO 4ª edição","2026-01-30 22:41:52","2026-03-07 05:54:08"
230,230,FRUTAS_E_DERIVADOS,"Manga, polpa, congelada",86.50,48.31,202.11,0.38,0.23,0.00,12.52,1.07,0.37,NULL,"TACO 4ª edição","2026-01-30 22:41:52","2026-03-07 05:54:08"
231,231,FRUTAS_E_DERIVADOS,"Manga, Tommy Atkins, crua",85.81,50.69,212.10,0.86,0.22,0.00,12.77,2.07,0.34,NULL,"TACO 4ª edição","2026-01-30 22:41:52","2026-03-07 05:54:08"
232,232,FRUTAS_E_DERIVADOS,"Maracujá, cru",82.85,68.44,286.35,1.99,2.10,0.00,12.26,1.14,0.79,NULL,"TACO 4ª edição","2026-01-30 22:41:52","2026-03-07 05:54:08"
233,233,FRUTAS_E_DERIVADOS,"Maracujá, polpa, congelada",88.90,38.76,162.17,0.81,0.18,0.00,9.60,0.51,0.52,NULL,"TACO 4ª edição","2026-01-30 22:41:52","2026-03-07 05:54:08"
234,234,FRUTAS_E_DERIVADOS,"Maracujá, suco concen0ado, envasado",88.94,41.97,175.59,0.77,0.19,0.00,9.64,0.35,0.46,NULL,"TACO 4ª edição","2026-01-30 22:41:52","2026-03-07 05:54:08"
235,235,FRUTAS_E_DERIVADOS,"Melancia, crua",90.67,32.61,136.43,0.88,0.00,0.00,8.14,0.12,0.27,NULL,"TACO 4ª edição","2026-01-30 22:41:52","2026-03-07 05:54:08"
236,236,FRUTAS_E_DERIVADOS,"Melão, cru",91.28,29.37,122.88,0.68,0.00,0.00,7.53,0.25,0.52,NULL,"TACO 4ª edição","2026-01-30 22:41:52","2026-03-07 05:54:08"
237,237,FRUTAS_E_DERIVADOS,"Mexerica, Murcote, crua",83.65,57.59,240.97,0.88,0.13,0.00,14.86,3.07,0.47,NULL,"TACO 4ª edição","2026-01-30 22:41:52","2026-03-07 05:54:08"
238,238,FRUTAS_E_DERIVADOS,"Mexerica, Rio, crua",89.57,36.87,154.27,0.65,0.13,0.00,9.34,2.73,0.32,NULL,"TACO 4ª edição","2026-01-30 22:41:52","2026-03-07 05:54:08"
239,239,FRUTAS_E_DERIVADOS,"Morango, cru",91.53,30.15,126.14,0.89,0.31,0.00,6.82,1.72,0.45,NULL,"TACO 4ª edição","2026-01-30 22:41:52","2026-03-07 05:54:08"
240,240,FRUTAS_E_DERIVADOS,"Nêspera, crua",87.76,42.54,177.98,0.31,0.00,0.00,11.53,2.96,0.40,NULL,"TACO 4ª edição","2026-01-30 22:41:52","2026-03-07 05:54:08"
241,241,FRUTAS_E_DERIVADOS,"Pequi, cru",65.89,204.97,857.58,2.34,17.97,0.00,12.97,19.04,0.83,NULL,"TACO 4ª edição","2026-01-30 22:41:52","2026-03-07 05:54:08"
242,242,FRUTAS_E_DERIVADOS,"Pêra, Park, crua",83.19,60.59,253.50,0.24,0.23,0.00,16.07,2.98,0.27,NULL,"TACO 4ª edição","2026-01-30 22:41:52","2026-03-07 05:54:08"
243,243,FRUTAS_E_DERIVADOS,"Pêra, Williams, crua",85.03,53.31,223.05,0.57,0.11,0.00,14.02,3.01,0.27,NULL,"TACO 4ª edição","2026-01-30 22:41:52","2026-03-07 05:54:08"
244,244,FRUTAS_E_DERIVADOS,"Pêssego, Aurora, cru",89.32,36.33,151.99,0.83,0.00,0.00,9.32,1.42,0.53,NULL,"TACO 4ª edição","2026-01-30 22:41:52","2026-03-07 05:54:08"
245,245,FRUTAS_E_DERIVADOS,"Pêssego, enlatado, em calda",82.19,63.14,264.19,0.71,0.00,0.00,16.88,1.02,0.23,NULL,"TACO 4ª edição","2026-01-30 22:41:52","2026-03-07 05:54:08"
246,246,FRUTAS_E_DERIVADOS,"Pinha, crua",75.05,88.47,370.17,1.49,0.32,0.00,22.45,3.36,0.70,NULL,"TACO 4ª edição","2026-01-30 22:41:52","2026-03-07 05:54:08"
247,247,FRUTAS_E_DERIVADOS,"Pitanga, crua",88.29,41.42,173.28,0.93,0.17,0.00,10.24,3.24,0.36,NULL,"TACO 4ª edição","2026-01-30 22:41:52","2026-03-07 05:54:08"
248,248,FRUTAS_E_DERIVADOS,"Pitanga, polpa, congelada",94.57,19.11,79.94,0.29,0.12,0.00,4.76,0.74,0.26,NULL,"TACO 4ª edição","2026-01-30 22:41:52","2026-03-07 05:54:08"
249,249,FRUTAS_E_DERIVADOS,"Romã, crua",83.99,55.74,233.21,0.40,0.00,0.00,15.11,0.44,0.50,NULL,"TACO 4ª edição","2026-01-30 22:41:52","2026-03-07 05:54:08"
250,250,FRUTAS_E_DERIVADOS,"Tamarindo, cru",21.95,275.70,1153.51,3.21,0.46,0.00,72.53,6.45,1.86,NULL,"TACO 4ª edição","2026-01-30 22:41:52","2026-03-07 05:54:08"
251,251,FRUTAS_E_DERIVADOS,"Tangeri0, Poncã, crua",89.22,37.83,158.22,0.85,0.07,0.00,9.61,0.94,0.31,NULL,"TACO 4ª edição","2026-01-30 22:41:52","2026-03-07 05:54:08"
252,252,FRUTAS_E_DERIVADOS,"Tangeri0, Poncã, suco",90.44,36.11,150.98,0.52,0.00,0.00,8.80,0.00,0.28,NULL,"TACO 4ª edição","2026-01-30 22:41:52","2026-03-07 05:54:08"
253,253,FRUTAS_E_DERIVADOS,"Tucumã, cru",51.26,262.02,1096.27,2.09,19.08,0.00,26.47,12.65,1.09,NULL,"TACO 4ª edição","2026-01-30 22:41:52","2026-03-07 05:54:08"
254,254,FRUTAS_E_DERIVADOS,"Umbu, cru",89.25,37.02,154.88,0.84,0.00,0.00,9.40,1.98,0.47,NULL,"TACO 4ª edição","2026-01-30 22:41:52","2026-03-07 05:54:08"
255,255,FRUTAS_E_DERIVADOS,"Umbu, polpa, congelada",90.19,33.94,142.02,0.51,0.07,0.00,8.79,1.34,0.45,NULL,"TACO 4ª edição","2026-01-30 22:41:52","2026-03-07 05:54:08"
256,256,FRUTAS_E_DERIVADOS,"Uva, Itália, crua",84.97,52.87,221.16,0.75,0.20,0.00,13.57,0.92,0.57,NULL,"TACO 4ª edição","2026-01-30 22:41:52","2026-03-07 05:54:08"
257,257,FRUTAS_E_DERIVADOS,"Uva, Rubi, crua",86.08,49.06,205.27,0.61,0.16,0.00,12.70,0.93,0.46,NULL,"TACO 4ª edição","2026-01-30 22:41:52","2026-03-07 05:54:08"
258,258,FRUTAS_E_DERIVADOS,"Uva, suco concen0ado, envasado",85.13,57.66,241.23,0.00,0.00,0.00,14.71,0.23,0.16,NULL,"TACO 4ª edição","2026-01-30 22:41:52","2026-03-07 05:54:08"
259,259,GORDURAS_E_OLEOS,"Azeite, de dendê",0.00,884.00,3698.66,0.00,100.00,0.00,0.00,0.00,NULL,NULL,"TACO 4ª edição","2026-01-30 22:41:52","2026-03-07 05:54:08"
260,260,GORDURAS_E_OLEOS,"Azeite, de oliva, ex0a virgem",0.00,884.00,3698.66,0.00,100.00,0.00,0.00,0.00,NULL,NULL,"TACO 4ª edição","2026-01-30 22:41:52","2026-03-07 05:54:08"
261,261,GORDURAS_E_OLEOS,"Manteiga, com sal",15.79,725.97,3037.45,0.41,82.36,200.55,0.06,0.00,1.37,NULL,"TACO 4ª edição","2026-01-30 22:41:52","2026-03-07 05:54:08"
262,262,GORDURAS_E_OLEOS,"Manteiga, sem sal",13.63,757.54,3169.55,0.40,86.04,213.95,0.00,0.00,0.05,NULL,"TACO 4ª edição","2026-01-30 22:41:52","2026-03-07 05:54:08"
263,263,GORDURAS_E_OLEOS,"Margari0, com óleo hidroge0do, com sal (65% de lipídeos)",32.23,596.12,2494.16,0.00,67.43,0.00,0.00,0.00,1.94,NULL,"TACO 4ª edição","2026-01-30 22:41:52","2026-03-07 05:54:08"
264,264,GORDURAS_E_OLEOS,"Margari0, com óleo hidroge0do, sem sal (80% de lipídeos)",19.59,722.53,3023.05,0.00,81.73,0.00,0.00,0.00,0.16,NULL,"TACO 4ª edição","2026-01-30 22:41:52","2026-03-07 05:54:08"
265,265,GORDURAS_E_OLEOS,"Margari0, com óleo interesterificado, com sal (65%de lipídeos)",31.97,594.45,2487.19,0.00,67.25,0.00,0.00,0.00,1.25,NULL,"TACO 4ª edição","2026-01-30 22:41:52","2026-03-07 05:54:08"
266,266,GORDURAS_E_OLEOS,"Margari0, com óleo interesterificado, sem sal (65% de lipídeos)",33.37,593.14,2481.69,0.00,67.10,0.00,0.00,0.00,0.10,NULL,"TACO 4ª edição","2026-01-30 22:41:52","2026-03-07 05:54:08"
267,267,GORDURAS_E_OLEOS,"Óleo, de babaçu",0.00,884.00,3698.66,0.00,100.00,0.00,0.00,0.00,NULL,NULL,"TACO 4ª edição","2026-01-30 22:41:52","2026-03-07 05:54:08"
268,268,GORDURAS_E_OLEOS,"Óleo, de canola",0.00,884.00,3698.66,0.00,100.00,0.00,0.00,0.00,NULL,NULL,"TACO 4ª edição","2026-01-30 22:41:52","2026-03-07 05:54:08"
269,269,GORDURAS_E_OLEOS,"Óleo, de girassol",0.00,884.00,3698.66,0.00,100.00,0.00,0.00,0.00,NULL,NULL,"TACO 4ª edição","2026-01-30 22:41:52","2026-03-07 05:54:08"
270,270,GORDURAS_E_OLEOS,"Óleo, de milho",0.00,884.00,3698.66,0.00,100.00,0.00,0.00,0.00,NULL,NULL,"TACO 4ª edição","2026-01-30 22:41:52","2026-03-07 05:54:08"
271,271,GORDURAS_E_OLEOS,"Óleo, de pequi",0.00,884.00,3698.66,0.00,100.00,0.00,0.00,0.00,NULL,NULL,"TACO 4ª edição","2026-01-30 22:41:52","2026-03-07 05:54:08"
272,272,GORDURAS_E_OLEOS,"Óleo, de soja",0.00,884.00,3698.66,0.00,100.00,0.00,0.00,0.00,NULL,NULL,"TACO 4ª edição","2026-01-30 22:41:52","2026-03-07 05:54:08"
273,273,PESCADOS_E_FRUTOS_DO_MAR,"Abadejo, filé, congelado, assado",74.32,111.62,467.00,23.53,1.24,102.80,0.00,0.00,1.65,NULL,"TACO 4ª edição","2026-01-30 22:41:52","2026-03-07 05:54:08"
274,274,PESCADOS_E_FRUTOS_DO_MAR,"Abadejo, filé, congelado,cozido",79.73,91.10,381.18,19.35,0.94,86.86,0.00,0.00,0.89,NULL,"TACO 4ª edição","2026-01-30 22:41:52","2026-03-07 05:54:08"
275,275,PESCADOS_E_FRUTOS_DO_MAR,"Abadejo, filé, congelado, cru",86.42,59.11,247.33,13.08,0.36,31.41,0.00,0.00,0.63,NULL,"TACO 4ª edição","2026-01-30 22:41:52","2026-03-07 05:54:08"
276,276,PESCADOS_E_FRUTOS_DO_MAR,"Abadejo, filé, congelado, grelhado",70.96,129.64,542.43,27.61,1.30,135.85,0.00,0.00,1.59,NULL,"TACO 4ª edição","2026-01-30 22:41:52","2026-03-07 05:54:08"
277,277,PESCADOS_E_FRUTOS_DO_MAR,"Atum, conserva em óleo",64.50,165.91,694.17,26.19,6.00,52.94,0.00,0.00,1.53,NULL,"TACO 4ª edição","2026-01-30 22:41:52","2026-03-07 05:54:08"
278,278,PESCADOS_E_FRUTOS_DO_MAR,"Atum, fresco, cru",73.05,117.50,491.62,25.68,0.87,47.80,0.00,0.00,1.31,NULL,"TACO 4ª edição","2026-01-30 22:41:52","2026-03-07 05:54:08"
279,279,PESCADOS_E_FRUTOS_DO_MAR,"Bacalhau, salgado, cru",47.89,135.89,568.58,29.04,1.32,138.88,0.00,0.00,22.50,NULL,"TACO 4ª edição","2026-01-30 22:41:52","2026-03-07 05:54:08"
280,280,PESCADOS_E_FRUTOS_DO_MAR,"Bacalhau, salgado, refogado",65.91,139.66,584.34,23.98,3.61,111.97,1.22,NULL,5.28,NULL,"TACO 4ª edição","2026-01-30 22:41:52","2026-03-07 05:54:08"
281,281,PESCADOS_E_FRUTOS_DO_MAR,"Cação, posta, com farinha de 0igo, frita",60.62,208.33,871.66,24.95,9.95,74.91,3.10,0.54,1.37,NULL,"TACO 4ª edição","2026-01-30 22:41:52","2026-03-07 05:54:08"
282,282,PESCADOS_E_FRUTOS_DO_MAR,"Cação, posta, cozida",75.93,116.01,485.40,25.59,0.75,83.25,0.00,0.00,1.18,NULL,"TACO 4ª edição","2026-01-30 22:41:52","2026-03-07 05:54:08"
283,283,PESCADOS_E_FRUTOS_DO_MAR,"Cação, posta, crua",81.38,83.33,348.67,17.85,0.79,36.13,0.00,0.00,1.24,NULL,"TACO 4ª edição","2026-01-30 22:41:52","2026-03-07 05:54:08"
284,284,PESCADOS_E_FRUTOS_DO_MAR,"Camarão, Rio Grande, grande, cozido",78.71,90.01,376.62,18.97,1.00,240.85,0.00,0.00,1.73,NULL,"TACO 4ª edição","2026-01-30 22:41:52","2026-03-07 05:54:08"
285,285,PESCADOS_E_FRUTOS_DO_MAR,"Camarão, Rio Grande, grande, cru",89.13,47.18,197.42,9.99,0.50,123.99,0.00,0.00,0.80,NULL,"TACO 4ª edição","2026-01-30 22:41:52","2026-03-07 05:54:08"
286,286,PESCADOS_E_FRUTOS_DO_MAR,"Camarão, Sete Barbas, sem cabeça, com casca, frito",61.04,231.25,967.53,18.39,15.62,283.14,2.88,0.00,2.07,NULL,"TACO 4ª edição","2026-01-30 22:41:52","2026-03-07 05:54:08"
287,287,PESCADOS_E_FRUTOS_DO_MAR,"Caranguejo, cozido",77.00,82.72,346.11,18.48,0.42,84.61,0.00,0.00,3.55,NULL,"TACO 4ª edição","2026-01-30 22:41:52","2026-03-07 05:54:08"
288,288,PESCADOS_E_FRUTOS_DO_MAR,"Corimba, cru",75.64,128.16,536.20,17.37,5.99,40.23,-0.03,0.00,1.03,NULL,"TACO 4ª edição","2026-01-30 22:41:52","2026-03-07 05:54:08"
289,289,PESCADOS_E_FRUTOS_DO_MAR,"Corimbatá, assado",59.93,261.45,1093.92,19.90,19.57,80.09,0.00,0.00,0.96,NULL,"TACO 4ª edição","2026-01-30 22:41:52","2026-03-07 05:54:08"
290,290,PESCADOS_E_FRUTOS_DO_MAR,"Corimbatá, cozido",64.56,238.70,998.70,20.13,16.93,74.62,0.00,0.00,0.84,NULL,"TACO 4ª edição","2026-01-30 22:41:52","2026-03-07 05:54:08"
291,291,PESCADOS_E_FRUTOS_DO_MAR,"Corvi0 de água doce, crua",79.25,101.01,422.62,18.92,2.24,73.11,0.00,0.00,1.02,NULL,"TACO 4ª edição","2026-01-30 22:41:52","2026-03-07 05:54:08"
292,292,PESCADOS_E_FRUTOS_DO_MAR,"Corvi0 do mar, crua",79.35,94.00,391.52,18.57,1.58,67.07,0.00,0.00,1.08,NULL,"TACO 4ª edição","2026-01-30 22:41:52","2026-03-07 05:54:08"
293,293,PESCADOS_E_FRUTOS_DO_MAR,"Corvi0 grande, assada",69.03,146.53,613.07,26.77,3.57,117.05,0.00,0.00,1.35,NULL,"TACO 4ª edição","2026-01-30 22:41:52","2026-03-07 05:54:08"
294,294,PESCADOS_E_FRUTOS_DO_MAR,"Corvi0 grande, cozida",73.61,100.08,418.73,23.44,2.56,122.56,0.00,0.00,0.90,NULL,"TACO 4ª edição","2026-01-30 22:41:52","2026-03-07 05:54:08"
295,295,PESCADOS_E_FRUTOS_DO_MAR,"Dourada de água doce, fresca",76.16,131.21,548.98,18.81,5.64,51.99,0.00,0.00,1.07,NULL,"TACO 4ª edição","2026-01-30 22:41:52","2026-03-07 05:54:08"
296,296,PESCADOS_E_FRUTOS_DO_MAR,"Lambari, congelado, cru",71.89,130.84,547.44,16.81,6.55,158.66,0.00,0.00,3.57,NULL,"TACO 4ª edição","2026-01-30 22:41:52","2026-03-07 05:54:08"
297,297,PESCADOS_E_FRUTOS_DO_MAR,"Lambari, congelado, frito",40.14,326.87,1367.62,28.43,22.78,246.32,0.00,0.00,6.17,NULL,"TACO 4ª edição","2026-01-30 22:41:52","2026-03-07 05:54:08"
298,298,PESCADOS_E_FRUTOS_DO_MAR,"Lambari, fresco, cru",72.17,151.60,634.29,15.65,9.40,144.25,0.00,0.00,2.21,NULL,"TACO 4ª edição","2026-01-30 22:41:52","2026-03-07 05:54:08"
299,299,PESCADOS_E_FRUTOS_DO_MAR,"Manjuba, com farinha de 0igo, frita",41.31,343.55,1437.42,23.45,22.59,281.76,10.24,0.36,2.41,NULL,"TACO 4ª edição","2026-01-30 22:41:52","2026-03-07 05:54:08"
300,300,PESCADOS_E_FRUTOS_DO_MAR,"Manjuba, frita",40.68,349.33,1461.58,30.14,24.46,270.34,0.00,0.00,4.23,NULL,"TACO 4ª edição","2026-01-30 22:41:52","2026-03-07 05:54:08"
301,301,PESCADOS_E_FRUTOS_DO_MAR,"Merluza, filé, assado",70.73,121.91,510.07,26.60,0.92,90.97,0.00,0.00,1.24,NULL,"TACO 4ª edição","2026-01-30 22:41:52","2026-03-07 05:54:08"
302,302,PESCADOS_E_FRUTOS_DO_MAR,"Merluza, filé, cru",82.07,89.13,372.92,16.61,2.02,57.18,0.00,0.00,1.14,NULL,"TACO 4ª edição","2026-01-30 22:41:52","2026-03-07 05:54:08"
303,303,PESCADOS_E_FRUTOS_DO_MAR,"Merluza, filé, frito",63.46,191.63,801.77,26.93,8.50,109.10,0.00,0.00,1.53,NULL,"TACO 4ª edição","2026-01-30 22:41:52","2026-03-07 05:54:08"
304,304,PESCADOS_E_FRUTOS_DO_MAR,"Pescada, branca, crua",79.57,110.88,463.91,16.26,4.59,50.77,0.00,0.00,0.94,NULL,"TACO 4ª edição","2026-01-30 22:41:52","2026-03-07 05:54:08"
305,305,PESCADOS_E_FRUTOS_DO_MAR,"Pescada, branca, frita",57.00,223.04,933.20,27.36,11.78,165.44,0.00,0.00,3.24,NULL,"TACO 4ª edição","2026-01-30 22:41:52","2026-03-07 05:54:08"
306,306,PESCADOS_E_FRUTOS_DO_MAR,"Pescada, filé, com farinha de 0igo, frito",53.20,283.43,1185.85,21.44,19.12,72.97,5.03,0.00,1.21,NULL,"TACO 4ª edição","2026-01-30 22:41:52","2026-03-07 05:54:08"
307,307,PESCADOS_E_FRUTOS_DO_MAR,"Pescada, filé, cru",79.52,107.21,448.55,16.65,4.00,64.84,0.00,0.00,0.90,NULL,"TACO 4ª edição","2026-01-30 22:41:52","2026-03-07 05:54:08"
308,308,PESCADOS_E_FRUTOS_DO_MAR,"Pescada, filé, frito",66.80,154.27,645.47,28.59,3.57,80.81,0.00,0.00,1.66,NULL,"TACO 4ª edição","2026-01-30 22:41:52","2026-03-07 05:54:08"
309,309,PESCADOS_E_FRUTOS_DO_MAR,"Pescada, filé, molho escabeche",74.53,141.96,593.95,11.75,8.02,43.40,5.02,0.78,0.68,NULL,"TACO 4ª edição","2026-01-30 22:41:52","2026-03-07 05:54:08"
310,310,PESCADOS_E_FRUTOS_DO_MAR,"Pescadinha, crua",80.62,76.41,319.69,15.48,1.14,83.61,0.00,0.00,2.02,NULL,"TACO 4ª edição","2026-01-30 22:41:52","2026-03-07 05:54:08"
311,311,PESCADOS_E_FRUTOS_DO_MAR,"Pintado, assado",56.98,191.56,801.48,36.45,3.98,125.96,0.00,0.00,2.03,NULL,"TACO 4ª edição","2026-01-30 22:41:52","2026-03-07 05:54:08"
312,312,PESCADOS_E_FRUTOS_DO_MAR,"Pintado, cru",80.27,91.08,381.09,18.56,1.31,50.30,0.00,0.00,1.08,NULL,"TACO 4ª edição","2026-01-30 22:41:52","2026-03-07 05:54:08"
313,313,PESCADOS_E_FRUTOS_DO_MAR,"Pintado, grelhado",65.49,152.19,636.76,30.80,2.29,99.30,0.00,0.00,1.57,NULL,"TACO 4ª edição","2026-01-30 22:41:52","2026-03-07 05:54:08"
314,314,PESCADOS_E_FRUTOS_DO_MAR,"Porquinho, cru",79.17,93.02,389.21,20.49,0.61,48.61,0.00,0.00,1.26,NULL,"TACO 4ª edição","2026-01-30 22:41:52","2026-03-07 05:54:08"
315,315,PESCADOS_E_FRUTOS_DO_MAR,"Salmão, filé, com pele, fresco,  grelhado",60.93,228.73,957.01,23.92,14.04,85.31,0.00,0.00,1.29,NULL,"TACO 4ª edição","2026-01-30 22:41:52","2026-03-07 05:54:08"
316,316,PESCADOS_E_FRUTOS_DO_MAR,"Salmão, sem pele, fresco, cru",68.98,169.78,710.37,19.25,9.71,53.03,0.00,0.00,1.22,NULL,"TACO 4ª edição","2026-01-30 22:41:52","2026-03-07 05:54:08"
317,317,PESCADOS_E_FRUTOS_DO_MAR,"Salmão, sem pele, fresco, grelhado",58.13,242.71,1015.48,26.14,14.53,72.82,0.00,0.00,1.61,NULL,"TACO 4ª edição","2026-01-30 22:41:52","2026-03-07 05:54:08"
318,318,PESCADOS_E_FRUTOS_DO_MAR,"Sardinha, assada",60.08,164.35,687.64,32.18,2.99,108.99,0.00,0.00,4.35,NULL,"TACO 4ª edição","2026-01-30 22:41:52","2026-03-07 05:54:08"
319,319,PESCADOS_E_FRUTOS_DO_MAR,"Sardinha, conserva em óleo",55.14,284.98,1192.36,15.94,24.05,72.57,0.00,0.00,2.86,NULL,"TACO 4ª edição","2026-01-30 22:41:52","2026-03-07 05:54:08"
320,320,PESCADOS_E_FRUTOS_DO_MAR,"Sardinha, frita",48.49,257.04,1075.46,33.38,12.69,102.87,0.00,0.00,4.30,NULL,"TACO 4ª edição","2026-01-30 22:41:52","2026-03-07 05:54:08"
321,321,PESCADOS_E_FRUTOS_DO_MAR,"Sardinha, inteira, crua",76.64,113.90,476.56,21.08,2.65,60.50,0.00,0.00,1.60,NULL,"TACO 4ª edição","2026-01-30 22:41:52","2026-03-07 05:54:08"
322,322,PESCADOS_E_FRUTOS_DO_MAR,"Tucu0ré, filé, congelado, cru",79.88,87.69,366.88,17.96,1.22,46.90,-0.05,0.00,0.98,NULL,"TACO 4ª edição","2026-01-30 22:41:52","2026-03-07 05:54:08"
323,323,CARNES_E_DERIVADOS,Apresuntado,73.72,128.86,539.14,13.45,6.69,37.67,2.86,0.00,3.28,NULL,"TACO 4ª edição","2026-01-30 22:41:52","2026-03-07 05:54:08"
324,324,CARNES_E_DERIVADOS,"Caldo de carne, tablete",2.93,240.62,1006.77,7.82,16.57,0.00,15.05,0.58,57.63,NULL,"TACO 4ª edição","2026-01-30 22:41:52","2026-03-07 05:54:08"
325,325,CARNES_E_DERIVADOS,"Caldo de galinha, tablete",3.38,251.45,1052.05,6.28,20.42,2.11,10.65,11.81,59.28,NULL,"TACO 4ª edição","2026-01-30 22:41:52","2026-03-07 05:54:08"
326,326,CARNES_E_DERIVADOS,"Carne, bovi0, acém, moído, cozido",61.62,212.42,888.77,26.69,10.92,103.13,0.00,0.00,0.84,NULL,"TACO 4ª edição","2026-01-30 22:41:52","2026-03-07 05:54:08"
327,327,CARNES_E_DERIVADOS,"Carne, bovi0, acém, moído, cru",72.70,136.56,571.38,19.42,5.95,57.94,0.00,0.00,0.93,NULL,"TACO 4ª edição","2026-01-30 22:41:52","2026-03-07 05:54:08"
328,328,CARNES_E_DERIVADOS,"Carne, bovi0, acém, sem gordura, cozido",60.38,214.61,897.93,27.27,10.88,106.75,0.00,0.00,0.83,NULL,"TACO 4ª edição","2026-01-30 22:41:52","2026-03-07 05:54:08"
329,329,CARNES_E_DERIVADOS,"Carne, bovi0, acém, sem gordura, cru",71.52,144.03,602.62,20.82,6.11,53.37,0.00,0.00,0.96,NULL,"TACO 4ª edição","2026-01-30 22:41:52","2026-03-07 05:54:08"
330,330,CARNES_E_DERIVADOS,"Carne, bovi0, almôndegas, cruas",64.28,189.26,791.85,12.31,11.20,33.60,9.79,NULL,2.41,NULL,"TACO 4ª edição","2026-01-30 22:41:52","2026-03-07 05:54:08"
331,331,CARNES_E_DERIVADOS,"Carne, bovi0, almôndegas, fritas",48.09,271.81,1137.27,18.16,15.78,36.38,14.29,NULL,3.69,NULL,"TACO 4ª edição","2026-01-30 22:41:52","2026-03-07 05:54:08"
332,332,CARNES_E_DERIVADOS,"Carne, bovi0, bucho, cozido",74.12,133.02,556.57,21.64,4.50,245.47,0.00,0.00,0.32,NULL,"TACO 4ª edição","2026-01-30 22:41:52","2026-03-07 05:54:08"
333,333,CARNES_E_DERIVADOS,"Carne, bovi0, bucho, cru",74.97,137.30,574.48,20.53,5.50,144.90,0.00,0.00,0.37,NULL,"TACO 4ª edição","2026-01-30 22:41:52","2026-03-07 05:54:08"
334,334,CARNES_E_DERIVADOS,"Carne, bovi0, capa de con0a-filé, com gordura, crua",64.77,216.91,907.55,19.20,14.96,62.81,0.00,0.00,0.90,NULL,"TACO 4ª edição","2026-01-30 22:41:52","2026-03-07 05:54:08"
335,335,CARNES_E_DERIVADOS,"Carne, bovi0, capa de con0a-filé, com gordura, grelhada",47.88,311.70,1304.16,30.69,20.03,120.43,0.00,0.00,1.13,NULL,"TACO 4ª edição","2026-01-30 22:41:52","2026-03-07 05:54:08"
336,336,CARNES_E_DERIVADOS,"Carne, bovi0, capa de con0a-filé, sem gordura, crua",72.99,131.06,548.37,21.54,4.33,58.35,0.00,0.00,1.00,NULL,"TACO 4ª edição","2026-01-30 22:41:52","2026-03-07 05:54:08"
337,337,CARNES_E_DERIVADOS,"Carne, bovi0, capa de con0a-filé, sem gordura, grelhada",53.74,239.44,1001.83,35.06,9.95,80.29,-0.01,0.00,1.25,NULL,"TACO 4ª edição","2026-01-30 22:41:52","2026-03-07 05:54:08"
338,338,CARNES_E_DERIVADOS,"Carne, bovi0, charque, cozido",45.79,262.78,1099.47,36.36,11.92,113.43,0.00,0.00,3.63,NULL,"TACO 4ª edição","2026-01-30 22:41:52","2026-03-07 05:54:08"
339,339,CARNES_E_DERIVADOS,"Carne, bovi0, charque, cru",44.47,248.86,1041.23,22.71,16.84,80.69,0.00,0.00,14.49,NULL,"TACO 4ª edição","2026-01-30 22:41:52","2026-03-07 05:54:08"
340,340,CARNES_E_DERIVADOS,"Carne, bovi0, con0a-filé, à milanesa",42.16,351.59,1471.06,20.61,24.00,99.36,12.17,0.37,1.05,NULL,"TACO 4ª edição","2026-01-30 22:41:52","2026-03-07 05:54:08"
341,341,CARNES_E_DERIVADOS,"Carne, bovi0, con0a-filé de costela, cru",66.38,202.44,847.00,19.80,13.07,52.31,0.00,0.00,0.95,NULL,"TACO 4ª edição","2026-01-30 22:41:52","2026-03-07 05:54:08"
342,342,CARNES_E_DERIVADOS,"Carne, bovi0, con0a-filé de costela, grelhado",52.19,274.91,1150.24,29.88,16.33,97.87,0.00,0.00,1.15,NULL,"TACO 4ª edição","2026-01-30 22:41:52","2026-03-07 05:54:08"
343,343,CARNES_E_DERIVADOS,"Carne, bovi0, con0a-filé, com gordura, cru",65.75,205.86,861.30,21.15,12.81,72.65,0.00,0.00,0.92,NULL,"TACO 4ª edição","2026-01-30 22:41:52","2026-03-07 05:54:08"
344,344,CARNES_E_DERIVADOS,"Carne, bovi0, con0a-filé, com gordura, grelhado",51.71,278.05,1163.38,32.40,15.49,143.86,0.00,0.00,1.22,NULL,"TACO 4ª edição","2026-01-30 22:41:52","2026-03-07 05:54:08"
345,345,CARNES_E_DERIVADOS,"Carne, bovi0, con0a-filé, sem gordura, cru",69.14,156.62,655.28,24.00,6.00,59.46,0.00,0.00,0.99,NULL,"TACO 4ª edição","2026-01-30 22:41:52","2026-03-07 05:54:08"
346,346,CARNES_E_DERIVADOS,"Carne, bovi0, con0a-filé, sem gordura, grelhado",57.53,193.69,810.41,35.88,4.49,101.90,0.00,0.00,1.27,NULL,"TACO 4ª edição","2026-01-30 22:41:52","2026-03-07 05:54:08"
347,347,CARNES_E_DERIVADOS,"Carne, bovi0, costela, assada",43.19,373.04,1560.79,28.81,27.72,94.59,0.00,0.00,0.99,NULL,"TACO 4ª edição","2026-01-30 22:41:52","2026-03-07 05:54:08"
348,348,CARNES_E_DERIVADOS,"Carne, bovi0, costela, crua",52.73,357.72,1496.71,16.71,31.75,44.19,0.00,0.00,0.90,NULL,"TACO 4ª edição","2026-01-30 22:41:52","2026-03-07 05:54:08"
349,349,CARNES_E_DERIVADOS,"Carne, bovi0, coxão duro, sem gordura, cozido",58.53,216.62,906.32,31.88,8.92,71.10,0.00,0.00,0.88,NULL,"TACO 4ª edição","2026-01-30 22:41:52","2026-03-07 05:54:08"
350,350,CARNES_E_DERIVADOS,"Carne, bovi0, coxão duro, sem gordura, cru",69.80,147.97,619.09,21.51,6.22,59.98,0.00,0.00,1.09,NULL,"TACO 4ª edição","2026-01-30 22:41:52","2026-03-07 05:54:08"
351,351,CARNES_E_DERIVADOS,"Carne, bovi0, coxão mole, sem gordura, cozido",58.04,218.68,914.94,32.38,8.91,84.15,0.00,0.00,1.23,NULL,"TACO 4ª edição","2026-01-30 22:41:52","2026-03-07 05:54:08"
352,352,CARNES_E_DERIVADOS,"Carne, bovi0, coxão mole, sem gordura, cru",68.60,169.07,707.37,21.23,8.69,83.82,0.00,0.00,1.04,NULL,"TACO 4ª edição","2026-01-30 22:41:52","2026-03-07 05:54:08"
353,353,CARNES_E_DERIVADOS,"Carne, bovi0, cupim, assado",48.42,330.10,1381.14,28.63,23.04,90.80,0.00,0.00,0.96,NULL,"TACO 4ª edição","2026-01-30 22:41:52","2026-03-07 05:54:08"
354,354,CARNES_E_DERIVADOS,"Carne, bovi0, cupim, cru",64.83,221.40,926.33,19.54,15.30,50.95,0.00,0.00,0.88,NULL,"TACO 4ª edição","2026-01-30 22:41:52","2026-03-07 05:54:08"
355,355,CARNES_E_DERIVADOS,"Carne, bovi0, fígado, cru",71.33,141.05,590.14,20.71,5.36,392.88,1.11,0.00,1.49,NULL,"TACO 4ª edição","2026-01-30 22:41:52","2026-03-07 05:54:08"
356,356,CARNES_E_DERIVADOS,"Carne, bovi0, fígado, grelhado",54.97,225.03,941.51,29.86,9.01,601.47,4.20,0.00,1.96,NULL,"TACO 4ª edição","2026-01-30 22:41:52","2026-03-07 05:54:08"
357,357,CARNES_E_DERIVADOS,"Carne, bovi0, filé mingnon, sem gordura, cru",71.89,142.86,597.74,21.60,5.61,54.76,0.00,0.00,1.07,NULL,"TACO 4ª edição","2026-01-30 22:41:52","2026-03-07 05:54:08"
358,358,CARNES_E_DERIVADOS,"Carne, bovi0, filé mingnon, sem gordura, grelhado",57.00,219.70,919.24,32.80,8.83,102.88,0.00,0.00,1.33,NULL,"TACO 4ª edição","2026-01-30 22:41:52","2026-03-07 05:54:08"
359,359,CARNES_E_DERIVADOS,"Carne, bovi0, flanco, sem gordura, cozido",61.98,195.58,818.29,29.38,7.77,62.00,0.00,0.00,0.86,NULL,"TACO 4ª edição","2026-01-30 22:41:52","2026-03-07 05:54:08"
360,360,CARNES_E_DERIVADOS,"Carne, bovi0, flanco, sem gordura, cru",72.07,141.46,591.87,20.00,6.22,50.30,0.00,0.00,0.97,NULL,"TACO 4ª edição","2026-01-30 22:41:52","2026-03-07 05:54:08"
361,361,CARNES_E_DERIVADOS,"Carne, bovi0, fraldinha, com gordura, cozida",49.72,338.45,1416.06,24.24,26.05,64.87,0.00,0.00,0.75,NULL,"TACO 4ª edição","2026-01-30 22:41:52","2026-03-07 05:54:08"
362,362,CARNES_E_DERIVADOS,"Carne, bovi0, fraldinha, com gordura, crua",65.44,220.72,923.51,17.58,16.15,54.34,0.00,0.00,0.86,NULL,"TACO 4ª edição","2026-01-30 22:41:52","2026-03-07 05:54:08"
363,363,CARNES_E_DERIVADOS,"Carne, bovi0, lagarto, cozido",57.63,222.47,930.81,32.86,9.11,55.70,0.00,0.00,0.88,NULL,"TACO 4ª edição","2026-01-30 22:41:52","2026-03-07 05:54:08"
364,364,CARNES_E_DERIVADOS,"Carne, bovi0, lagarto, cru",70.97,134.86,564.27,20.54,5.23,55.79,0.00,0.00,1.12,NULL,"TACO 4ª edição","2026-01-30 22:41:52","2026-03-07 05:54:08"
365,365,CARNES_E_DERIVADOS,"Carne, bovi0, língua, cozida",53.41,314.90,1317.55,21.37,24.80,105.07,0.00,0.00,0.66,NULL,"TACO 4ª edição","2026-01-30 22:41:52","2026-03-07 05:54:08"
366,366,CARNES_E_DERIVADOS,"Carne, bovi0, língua, crua",65.02,215.25,900.61,17.09,15.77,117.85,0.00,0.00,0.78,NULL,"TACO 4ª edição","2026-01-30 22:41:52","2026-03-07 05:54:08"
367,367,CARNES_E_DERIVADOS,"Carne, bovi0, maminha, crua",69.99,152.77,639.17,20.93,7.03,50.80,0.00,0.00,1.02,NULL,"TACO 4ª edição","2026-01-30 22:41:52","2026-03-07 05:54:08"
368,368,CARNES_E_DERIVADOS,"Carne, bovi0, maminha, grelhada",65.28,153.09,640.53,30.74,2.42,87.70,0.00,0.00,1.39,NULL,"TACO 4ª edição","2026-01-30 22:41:52","2026-03-07 05:54:08"
369,369,CARNES_E_DERIVADOS,"Carne, bovi0, miolo de alca0a, sem gordura, cru",69.49,162.87,681.45,21.61,7.83,60.37,0.00,0.00,1.01,NULL,"TACO 4ª edição","2026-01-30 22:41:52","2026-03-07 05:54:08"
370,370,CARNES_E_DERIVADOS,"Carne, bovi0, miolo de alca0a, sem gordura, grelhado",52.43,241.36,1009.87,31.93,11.64,92.20,0.00,0.00,1.22,NULL,"TACO 4ª edição","2026-01-30 22:41:52","2026-03-07 05:54:08"
371,371,CARNES_E_DERIVADOS,"Carne, bovi0, músculo, sem gordura, cozido",62.82,193.80,810.86,31.23,6.70,56.15,0.00,0.00,0.88,NULL,"TACO 4ª edição","2026-01-30 22:41:52","2026-03-07 05:54:08"
372,372,CARNES_E_DERIVADOS,"Carne, bovi0, músculo, sem gordura, cru",72.35,141.58,592.37,21.56,5.49,50.94,0.00,0.00,0.99,NULL,"TACO 4ª edição","2026-01-30 22:41:52","2026-03-07 05:54:08"
373,373,CARNES_E_DERIVADOS,"Carne, bovi0, paleta, com gordura, crua",70.62,158.71,664.04,21.41,7.46,58.26,0.00,0.00,0.92,NULL,"TACO 4ª edição","2026-01-30 22:41:52","2026-03-07 05:54:08"
374,374,CARNES_E_DERIVADOS,"Carne, bovi0, paleta, sem gordura, cozida",62.94,193.65,810.24,29.72,7.40,55.61,0.00,0.00,0.85,NULL,"TACO 4ª edição","2026-01-30 22:41:52","2026-03-07 05:54:08"
375,375,CARNES_E_DERIVADOS,"Carne, bovi0, paleta, sem gordura, crua",72.08,140.94,589.70,21.03,5.67,42.25,0.00,0.00,0.98,NULL,"TACO 4ª edição","2026-01-30 22:41:52","2026-03-07 05:54:08"
376,376,CARNES_E_DERIVADOS,"Carne, bovi0, patinho, sem gordura, cru",72.91,133.47,558.43,21.72,4.51,55.61,0.00,0.00,1.01,NULL,"TACO 4ª edição","2026-01-30 22:41:52","2026-03-07 05:54:08"
377,377,CARNES_E_DERIVADOS,"Carne, bovi0, patinho, sem gordura, grelhado",55.15,219.26,917.38,35.90,7.31,125.68,0.00,0.00,1.30,NULL,"TACO 4ª edição","2026-01-30 22:41:52","2026-03-07 05:54:08"
378,378,CARNES_E_DERIVADOS,"Carne, bovi0, peito, sem gordura, cozido",51.18,338.47,1416.17,22.25,26.99,99.54,0.00,0.00,0.72,NULL,"TACO 4ª edição","2026-01-30 22:41:52","2026-03-07 05:54:08"
379,379,CARNES_E_DERIVADOS,"Carne, bovi0, peito, sem gordura, cru",61.49,259.28,1084.81,17.56,20.43,59.30,0.00,0.00,0.85,NULL,"TACO 4ª edição","2026-01-30 22:41:52","2026-03-07 05:54:08"
380,380,CARNES_E_DERIVADOS,"Carne, bovi0, picanha, com gordura, crua",65.64,212.88,890.69,18.82,14.69,59.55,0.00,0.00,0.93,NULL,"TACO 4ª edição","2026-01-30 22:41:52","2026-03-07 05:54:08"
381,381,CARNES_E_DERIVADOS,"Carne, bovi0, picanha, com gordura, grelhada",53.39,288.77,1208.20,26.42,19.51,91.76,0.00,0.00,1.09,NULL,"TACO 4ª edição","2026-01-30 22:41:52","2026-03-07 05:54:08"
382,382,CARNES_E_DERIVADOS,"Carne, bovi0, picanha, sem gordura, crua",72.42,133.52,558.66,21.25,4.74,75.23,0.00,0.00,1.01,NULL,"TACO 4ª edição","2026-01-30 22:41:52","2026-03-07 05:54:08"
383,383,CARNES_E_DERIVADOS,"Carne, bovi0, picanha, sem gordura, grelhada",54.63,238.47,997.75,31.91,11.33,99.71,0.00,0.00,1.23,NULL,"TACO 4ª edição","2026-01-30 22:41:52","2026-03-07 05:54:08"
384,384,CARNES_E_DERIVADOS,"Carne, bovi0, seca, cozida",47.19,312.80,1308.75,26.93,21.93,100.14,0.00,0.00,4.72,NULL,"TACO 4ª edição","2026-01-30 22:41:52","2026-03-07 05:54:08"
385,385,CARNES_E_DERIVADOS,"Carne, bovi0, seca, crua",39.24,312.75,1308.54,19.66,25.37,91.55,0.00,0.00,15.29,NULL,"TACO 4ª edição","2026-01-30 22:41:52","2026-03-07 05:54:08"
386,386,CARNES_E_DERIVADOS,"Coxinha de frango, frita",42.21,283.05,1184.27,9.61,11.84,14.81,34.52,4.97,1.82,NULL,"TACO 4ª edição","2026-01-30 22:41:52","2026-03-07 05:54:08"
387,387,CARNES_E_DERIVADOS,"Croquete, de carne, cru",55.96,245.77,1028.31,12.04,15.56,29.85,13.95,NULL,2.49,NULL,"TACO 4ª edição","2026-01-30 22:41:52","2026-03-07 05:54:08"
388,388,CARNES_E_DERIVADOS,"Croquete, de carne, frito",39.24,346.74,1450.77,16.86,22.67,38.10,18.15,NULL,3.08,NULL,"TACO 4ª edição","2026-01-30 22:41:52","2026-03-07 05:54:08"
389,389,CARNES_E_DERIVADOS,"Empada de frango, pré-cozida, assada",28.19,358.19,1498.67,6.94,15.61,22.72,47.49,2.16,1.77,NULL,"TACO 4ª edição","2026-01-30 22:41:52","2026-03-07 05:54:08"
390,390,CARNES_E_DERIVADOS,"Empada, de frango, pré-cozida",32.03,377.48,1579.37,7.34,22.89,23.28,35.53,2.22,2.21,NULL,"TACO 4ª edição","2026-01-30 22:41:52","2026-03-07 05:54:08"
391,391,CARNES_E_DERIVADOS,"Frango, asa, com pele, crua",67.47,213.19,891.98,18.10,15.07,113.45,0.00,0.00,0.69,NULL,"TACO 4ª edição","2026-01-30 22:41:52","2026-03-07 05:54:08"
392,392,CARNES_E_DERIVADOS,"Frango, caipira, inteiro, com pele, cozido",59.69,242.89,1016.25,23.88,15.62,109.55,0.00,0.00,0.80,NULL,"TACO 4ª edição","2026-01-30 22:41:52","2026-03-07 05:54:08"
393,393,CARNES_E_DERIVADOS,"Frango, caipira, inteiro, sem pele, cozido",61.42,195.76,819.06,29.58,7.70,105.52,0.00,0.00,1.09,NULL,"TACO 4ª edição","2026-01-30 22:41:52","2026-03-07 05:54:08"
394,394,CARNES_E_DERIVADOS,"Frango, coração, cru",69.05,221.50,926.77,12.58,18.60,159.24,0.00,0.00,0.77,NULL,"TACO 4ª edição","2026-01-30 22:41:52","2026-03-07 05:54:08"
395,395,CARNES_E_DERIVADOS,"Frango, coração, grelhado",63.51,207.27,867.23,22.44,12.10,280.36,0.61,0.00,1.35,NULL,"TACO 4ª edição","2026-01-30 22:41:52","2026-03-07 05:54:08"
396,396,CARNES_E_DERIVADOS,"Frango, coxa, com pele, assada",59.79,215.12,900.06,28.49,10.36,145.48,0.06,0.00,1.30,NULL,"TACO 4ª edição","2026-01-30 22:41:52","2026-03-07 05:54:08"
397,397,CARNES_E_DERIVADOS,"Frango, coxa, com pele, crua",72.85,161.47,675.61,17.09,9.81,97.40,0.00,0.00,0.83,NULL,"TACO 4ª edição","2026-01-30 22:41:52","2026-03-07 05:54:08"
398,398,CARNES_E_DERIVADOS,"Frango, coxa, sem pele, cozida",66.66,167.43,700.52,26.86,5.85,132.92,0.00,0.00,0.87,NULL,"TACO 4ª edição","2026-01-30 22:41:52","2026-03-07 05:54:08"
399,399,CARNES_E_DERIVADOS,"Frango, coxa, sem pele, crua",76.42,119.95,501.86,17.81,4.86,90.56,0.02,0.00,0.89,NULL,"TACO 4ª edição","2026-01-30 22:41:52","2026-03-07 05:54:08"
400,400,CARNES_E_DERIVADOS,"Frango, fígado, cru",77.75,106.48,445.53,17.59,3.49,340.58,-0.02,0.00,1.20,NULL,"TACO 4ª edição","2026-01-30 22:41:52","2026-03-07 05:54:08"
401,401,CARNES_E_DERIVADOS,"Frango, filé, à milanesa",54.89,220.87,924.13,28.46,7.79,84.32,7.51,1.13,1.35,NULL,"TACO 4ª edição","2026-01-30 22:41:52","2026-03-07 05:54:08"
402,402,CARNES_E_DERIVADOS,"Frango, inteiro, com pele, cru",66.54,226.32,946.92,16.44,17.31,84.84,0.00,0.00,0.75,NULL,"TACO 4ª edição","2026-01-30 22:41:52","2026-03-07 05:54:08"
403,403,CARNES_E_DERIVADOS,"Frango, inteiro, sem pele, assado",63.20,187.34,783.82,28.03,7.50,110.94,0.00,0.00,1.16,NULL,"TACO 4ª edição","2026-01-30 22:41:52","2026-03-07 05:54:08"
404,404,CARNES_E_DERIVADOS,"Frango, inteiro, sem pele, cozido",67.45,170.39,712.91,24.99,7.06,98.93,0.00,0.00,0.89,NULL,"TACO 4ª edição","2026-01-30 22:41:52","2026-03-07 05:54:08"
405,405,CARNES_E_DERIVADOS,"Frango, inteiro, sem pele, cru",74.86,129.10,540.14,20.59,4.57,78.24,0.00,0.00,0.93,NULL,"TACO 4ª edição","2026-01-30 22:41:52","2026-03-07 05:54:08"
406,406,CARNES_E_DERIVADOS,"Frango, peito, com pele, assado",58.54,211.68,885.68,33.42,7.65,109.03,0.00,0.00,1.49,NULL,"TACO 4ª edição","2026-01-30 22:41:52","2026-03-07 05:54:08"
407,407,CARNES_E_DERIVADOS,"Frango, peito, com pele, cru",71.94,149.47,625.36,20.78,6.73,79.93,0.00,0.00,0.91,NULL,"TACO 4ª edição","2026-01-30 22:41:52","2026-03-07 05:54:08"
408,408,CARNES_E_DERIVADOS,"Frango, peito, sem pele, cozido",65.57,162.87,681.47,31.47,3.16,88.51,0.00,0.00,0.98,NULL,"TACO 4ª edição","2026-01-30 22:41:52","2026-03-07 05:54:08"
409,409,CARNES_E_DERIVADOS,"Frango, peito, sem pele, cru",74.79,119.16,498.56,21.53,3.02,58.68,0.00,0.00,0.97,NULL,"TACO 4ª edição","2026-01-30 22:41:52","2026-03-07 05:54:08"
410,410,CARNES_E_DERIVADOS,"Frango, peito, sem pele, grelhado",63.81,159.19,666.03,32.03,2.48,89.12,0.00,0.00,1.44,NULL,"TACO 4ª edição","2026-01-30 22:41:52","2026-03-07 05:54:08"
411,411,CARNES_E_DERIVADOS,"Frango, sobrecoxa, com pele, assada",55.00,259.60,1086.19,28.70,15.19,158.26,0.00,0.00,1.33,NULL,"TACO 4ª edição","2026-01-30 22:41:52","2026-03-07 05:54:08"
412,412,CARNES_E_DERIVADOS,"Frango, sobrecoxa, com pele, crua",63.58,254.53,1064.96,15.46,20.90,87.63,0.00,0.00,0.75,NULL,"TACO 4ª edição","2026-01-30 22:41:52","2026-03-07 05:54:08"
413,413,CARNES_E_DERIVADOS,"Frango, sobrecoxa, sem pele, assada",55.63,232.88,974.38,29.18,12.01,145.11,0.00,0.00,1.49,NULL,"TACO 4ª edição","2026-01-30 22:41:52","2026-03-07 05:54:08"
414,414,CARNES_E_DERIVADOS,"Frango, sobrecoxa, sem pele, crua",72.71,161.80,676.96,17.57,9.62,84.09,0.00,0.00,0.88,NULL,"TACO 4ª edição","2026-01-30 22:41:52","2026-03-07 05:54:08"
415,415,CARNES_E_DERIVADOS,"Hambúrguer, bovino, cru",63.60,214.84,898.87,13.16,16.18,70.01,4.15,NULL,2.91,NULL,"TACO 4ª edição","2026-01-30 22:41:52","2026-03-07 05:54:08"
416,416,CARNES_E_DERIVADOS,"Hambúrguer, bovino, frito",52.46,258.28,1080.66,19.97,17.01,48.90,6.32,NULL,4.24,NULL,"TACO 4ª edição","2026-01-30 22:41:52","2026-03-07 05:54:08"
417,417,CARNES_E_DERIVADOS,"Hambúrguer, bovino, grelhado",59.23,209.83,877.94,13.16,12.43,58.53,11.33,NULL,3.85,NULL,"TACO 4ª edição","2026-01-30 22:41:52","2026-03-07 05:54:08"
418,418,CARNES_E_DERIVADOS,"Lingüiça, frango, crua",64.76,218.11,912.57,14.24,17.44,64.13,0.00,0.00,3.28,NULL,"TACO 4ª edição","2026-01-30 22:41:52","2026-03-07 05:54:08"
419,419,CARNES_E_DERIVADOS,"Lingüiça, frango, frita",59.57,245.46,1027.01,18.32,18.54,75.79,0.00,0.00,3.79,NULL,"TACO 4ª edição","2026-01-30 22:41:52","2026-03-07 05:54:08"
420,420,CARNES_E_DERIVADOS,"Lingüiça, frango, grelhada",58.58,243.66,1019.47,18.19,18.40,80.48,0.00,0.00,3.82,NULL,"TACO 4ª edição","2026-01-30 22:41:52","2026-03-07 05:54:08"
421,421,CARNES_E_DERIVADOS,"Lingüiça, porco, crua",62.48,227.20,950.62,16.06,17.58,52.93,0.00,0.00,3.21,NULL,"TACO 4ª edição","2026-01-30 22:41:52","2026-03-07 05:54:08"
422,422,CARNES_E_DERIVADOS,"Lingüiça, porco, frita",54.61,279.54,1169.61,20.45,21.31,74.71,0.00,0.00,3.86,NULL,"TACO 4ª edição","2026-01-30 22:41:52","2026-03-07 05:54:08"
423,423,CARNES_E_DERIVADOS,"Lingüiça, porco, grelhada",50.48,296.49,1240.51,23.17,21.90,81.70,0.00,0.00,4.00,NULL,"TACO 4ª edição","2026-01-30 22:41:52","2026-03-07 05:54:08"
424,424,CARNES_E_DERIVADOS,Mortadela,56.44,268.82,1124.74,11.95,21.65,82.76,5.82,0.00,4.14,NULL,"TACO 4ª edição","2026-01-30 22:41:52","2026-03-07 05:54:08"
425,425,CARNES_E_DERIVADOS,"Peru, congelado, assado",65.32,163.07,682.29,26.20,5.68,91.24,0.00,0.00,2.23,NULL,"TACO 4ª edição","2026-01-30 22:41:52","2026-03-07 05:54:08"
426,426,CARNES_E_DERIVADOS,"Peru, congelado, cru",78.18,93.72,392.13,18.08,1.83,68.16,0.00,0.00,2.46,NULL,"TACO 4ª edição","2026-01-30 22:41:52","2026-03-07 05:54:08"
427,427,CARNES_E_DERIVADOS,"Porco, bisteca, crua",67.70,164.12,686.66,21.50,8.02,56.38,0.00,0.00,0.99,NULL,"TACO 4ª edição","2026-01-30 22:41:52","2026-03-07 05:54:08"
428,428,CARNES_E_DERIVADOS,"Porco, bisteca, frita",47.33,311.17,1301.93,33.75,18.52,126.30,0.00,0.00,1.55,NULL,"TACO 4ª edição","2026-01-30 22:41:52","2026-03-07 05:54:08"
429,429,CARNES_E_DERIVADOS,"Porco, bisteca, grelhada",51.84,280.08,1171.87,28.89,17.38,81.68,0.00,0.00,1.25,NULL,"TACO 4ª edição","2026-01-30 22:41:52","2026-03-07 05:54:08"
430,430,CARNES_E_DERIVADOS,"Porco, costela, assada",36.92,402.17,1682.67,30.22,30.28,112.86,0.00,0.00,1.37,NULL,"TACO 4ª edição","2026-01-30 22:41:52","2026-03-07 05:54:08"
431,431,CARNES_E_DERIVADOS,"Porco, costela, crua",61.21,255.61,1069.46,18.00,19.82,68.83,0.00,0.00,0.92,NULL,"TACO 4ª edição","2026-01-30 22:41:52","2026-03-07 05:54:08"
432,432,CARNES_E_DERIVADOS,"Porco, lombo, assado",56.56,210.23,879.62,35.73,6.40,103.08,0.00,0.00,1.37,NULL,"TACO 4ª edição","2026-01-30 22:41:52","2026-03-07 05:54:08"
433,433,CARNES_E_DERIVADOS,"Porco, lombo, cru",67.73,175.63,734.82,22.60,8.77,55.39,0.00,0.00,1.03,NULL,"TACO 4ª edição","2026-01-30 22:41:52","2026-03-07 05:54:08"
434,434,CARNES_E_DERIVADOS,"Porco, orelha, salgada, crua",59.67,258.49,1081.53,18.52,19.89,83.01,0.00,0.00,2.04,NULL,"TACO 4ª edição","2026-01-30 22:41:52","2026-03-07 05:54:08"
435,435,CARNES_E_DERIVADOS,"Porco, pernil, assado",49.26,262.26,1097.29,32.13,13.86,109.80,0.00,0.00,1.45,NULL,"TACO 4ª edição","2026-01-30 22:41:52","2026-03-07 05:54:08"
436,436,CARNES_E_DERIVADOS,"Porco, pernil, cru",67.08,186.06,778.46,20.13,11.10,58.69,0.00,0.00,1.02,NULL,"TACO 4ª edição","2026-01-30 22:41:52","2026-03-07 05:54:08"
437,437,CARNES_E_DERIVADOS,"Porco, rabo, salgado, cru",43.79,377.42,1579.11,15.58,34.47,89.09,0.00,0.00,3.50,NULL,"TACO 4ª edição","2026-01-30 22:41:52","2026-03-07 05:54:08"
438,438,CARNES_E_DERIVADOS,"Presunto, com capa de gordura",73.95,127.85,534.92,14.37,6.77,39.51,1.40,0.00,3.51,NULL,"TACO 4ª edição","2026-01-30 22:41:52","2026-03-07 05:54:08"
439,439,CARNES_E_DERIVADOS,"Presunto, sem capa de gordura",77.18,93.74,392.22,14.29,2.71,35.77,2.15,0.00,3.68,NULL,"TACO 4ª edição","2026-01-30 22:41:52","2026-03-07 05:54:08"
440,440,CARNES_E_DERIVADOS,"Quibe, assado",69.02,136.23,569.98,14.59,2.68,33.73,12.86,1.90,0.85,NULL,"TACO 4ª edição","2026-01-30 22:41:52","2026-03-07 05:54:08"
441,441,CARNES_E_DERIVADOS,"Quibe, cru",74.51,109.49,458.11,12.35,1.67,26.93,10.77,1.65,0.70,NULL,"TACO 4ª edição","2026-01-30 22:41:52","2026-03-07 05:54:08"
442,442,CARNES_E_DERIVADOS,"Quibe, frito",53.96,253.83,1062.03,14.89,15.80,37.77,12.34,NULL,3.01,NULL,"TACO 4ª edição","2026-01-30 22:41:52","2026-03-07 05:54:08"
443,443,CARNES_E_DERIVADOS,Salame,34.70,397.84,1664.57,25.81,30.64,85.09,2.91,0.00,5.94,NULL,"TACO 4ª edição","2026-01-30 22:41:52","2026-03-07 05:54:08"
444,444,CARNES_E_DERIVADOS,"Toucinho, cru",27.61,592.53,2479.15,11.48,60.26,73.08,0.00,0.00,0.30,NULL,"TACO 4ª edição","2026-01-30 22:41:52","2026-03-07 05:54:08"
445,445,CARNES_E_DERIVADOS,"Toucinho, frito",6.33,696.56,2914.42,27.28,64.31,89.46,0.00,0.00,0.73,NULL,"TACO 4ª edição","2026-01-30 22:41:52","2026-03-07 05:54:08"
446,446,LEITE_E_DERIVADOS,"Bebida láctea, pêssego",87.69,55.16,230.81,2.13,1.91,5.37,7.57,0.29,0.70,NULL,"TACO 4ª edição","2026-01-30 22:41:52","2026-03-07 05:54:08"
447,447,LEITE_E_DERIVADOS,"Creme de Leite",70.89,221.48,926.69,1.51,22.48,66.48,4.51,0.00,0.61,NULL,"TACO 4ª edição","2026-01-30 22:41:52","2026-03-07 05:54:08"
448,448,LEITE_E_DERIVADOS,"Iogurte, 0tural",90.04,51.49,215.43,4.06,3.04,13.78,1.92,0.00,0.94,NULL,"TACO 4ª edição","2026-01-30 22:41:52","2026-03-07 05:54:08"
449,449,LEITE_E_DERIVADOS,"Iogurte, 0tural, des0tado",89.22,41.49,173.61,3.83,0.32,3.33,5.77,0.00,0.86,NULL,"TACO 4ª edição","2026-01-30 22:41:52","2026-03-07 05:54:08"
450,450,LEITE_E_DERIVADOS,"Iogurte, sabor abacaxi",NULL,NULL,NULL,NULL,NULL,5.63,NULL,NULL,NULL,NULL,"TACO 4ª edição","2026-01-30 22:41:52","2026-03-07 05:54:08"
451,451,LEITE_E_DERIVADOS,"Iogurte, sabor morango",84.63,69.57,291.06,2.71,2.33,7.49,9.69,0.22,0.63,NULL,"TACO 4ª edição","2026-01-30 22:41:52","2026-03-07 05:54:08"
452,452,LEITE_E_DERIVADOS,"Iogurte, sabor pêssego",85.06,67.85,283.88,2.53,2.34,8.40,9.43,0.72,0.64,NULL,"TACO 4ª edição","2026-01-30 22:41:52","2026-03-07 05:54:08"
453,453,LEITE_E_DERIVADOS,"Leite, condensado",26.96,312.57,1307.80,7.67,6.74,27.64,57.00,0.00,1.63,NULL,"TACO 4ª edição","2026-01-30 22:41:52","2026-03-07 05:54:08"
454,454,LEITE_E_DERIVADOS,"Leite, de cabra",87.07,66.42,277.88,3.07,3.75,13.99,5.25,0.00,0.86,NULL,"TACO 4ª edição","2026-01-30 22:41:52","2026-03-07 05:54:08"
455,455,LEITE_E_DERIVADOS,"Leite, de vaca, achocolatado",80.89,82.82,346.52,2.10,2.17,6.08,14.16,0.65,0.68,NULL,"TACO 4ª edição","2026-01-30 22:41:52","2026-03-07 05:54:08"
456,456,LEITE_E_DERIVADOS,"Leite, de vaca, des0tado, pó",3.10,361.61,1512.97,34.69,0.93,24.79,53.04,0.00,8.23,NULL,"TACO 4ª edição","2026-01-30 22:41:52","2026-03-07 05:54:08"
457,457,LEITE_E_DERIVADOS,"Leite, de vaca, des0tado, UHT",NULL,NULL,NULL,NULL,NULL,3.75,NULL,0.00,0.83,NULL,"TACO 4ª edição","2026-01-30 22:41:52","2026-03-07 05:54:08"
458,458,LEITE_E_DERIVADOS,"Leite, de vaca, integral",NULL,NULL,NULL,NULL,NULL,10.49,NULL,0.00,0.76,NULL,"TACO 4ª edição","2026-01-30 22:41:52","2026-03-07 05:54:08"
459,459,LEITE_E_DERIVADOS,"Leite, de vaca, integral, pó",2.70,496.65,2077.98,25.42,26.90,85.26,39.18,0.00,5.80,NULL,"TACO 4ª edição","2026-01-30 22:41:52","2026-03-07 05:54:08"
460,460,LEITE_E_DERIVADOS,"Leite, fermentado",81.88,69.62,291.30,1.89,0.10,1.85,15.67,0.00,0.45,NULL,"TACO 4ª edição","2026-01-30 22:41:52","2026-03-07 05:54:08"
461,461,LEITE_E_DERIVADOS,"Queijo, mi0s, frescal",56.12,264.27,1105.72,17.41,20.18,62.00,3.24,0.00,3.04,NULL,"TACO 4ª edição","2026-01-30 22:41:52","2026-03-07 05:54:08"
462,462,LEITE_E_DERIVADOS,"Queijo, mi0s, meia cura",47.12,320.72,1341.90,21.21,24.61,76.30,3.57,0.00,3.49,NULL,"TACO 4ª edição","2026-01-30 22:41:52","2026-03-07 05:54:08"
463,463,LEITE_E_DERIVADOS,"Queijo, mozarela",45.34,329.87,1380.18,22.65,25.18,79.58,3.05,0.00,3.78,NULL,"TACO 4ª edição","2026-01-30 22:41:52","2026-03-07 05:54:08"
464,464,LEITE_E_DERIVADOS,"Queijo, parmesão",21.25,452.96,1895.20,35.55,33.53,105.84,1.66,0.00,8.01,NULL,"TACO 4ª edição","2026-01-30 22:41:52","2026-03-07 05:54:08"
465,465,LEITE_E_DERIVADOS,"Queijo, pasteurizado",54.42,303.08,1268.09,9.36,27.44,82.16,5.68,0.00,3.11,NULL,"TACO 4ª edição","2026-01-30 22:41:52","2026-03-07 05:54:08"
466,466,LEITE_E_DERIVADOS,"Queijo, petit suisse, morango",72.22,121.11,506.71,5.79,2.84,12.07,18.46,0.00,0.70,NULL,"TACO 4ª edição","2026-01-30 22:41:52","2026-03-07 05:54:08"
467,467,LEITE_E_DERIVADOS,"Queijo, prato",42.44,359.88,1505.74,22.66,29.11,90.90,1.88,0.00,3.91,NULL,"TACO 4ª edição","2026-01-30 22:41:52","2026-03-07 05:54:08"
468,468,LEITE_E_DERIVADOS,"Queijo, requeijão, cremoso",62.47,256.58,1073.52,9.63,23.44,73.67,2.43,0.00,2.03,NULL,"TACO 4ª edição","2026-01-30 22:41:52","2026-03-07 05:54:08"
469,469,LEITE_E_DERIVADOS,"Queijo, ricota",73.57,139.73,584.64,12.60,8.11,48.70,3.79,0.00,1.93,NULL,"TACO 4ª edição","2026-01-30 22:41:52","2026-03-07 05:54:08"
470,470,BEBIDAS_ALCOOLICAS_E_NAO_ALCOOLICAS,"Bebida isotônica, sabores variados",93.51,25.61,107.17,0.00,0.00,0.00,6.40,0.00,0.09,NULL,"TACO 4ª edição","2026-01-30 22:41:52","2026-03-07 05:54:08"
471,471,BEBIDAS_ALCOOLICAS_E_NAO_ALCOOLICAS,"Café, infusão 10%",97.37,9.07,37.95,0.71,0.07,0.00,1.48,0.00,0.37,NULL,"TACO 4ª edição","2026-01-30 22:41:52","2026-03-07 05:54:08"
472,472,BEBIDAS_ALCOOLICAS_E_NAO_ALCOOLICAS,"Ca0, aguardente 1",NULL,215.66,902.33,NULL,NULL,0.00,NULL,0.00,NULL,NULL,"TACO 4ª edição","2026-01-30 22:41:52","2026-03-07 05:54:08"
473,473,BEBIDAS_ALCOOLICAS_E_NAO_ALCOOLICAS,"Ca0, caldo de",81.73,65.34,273.40,0.00,0.00,0.00,18.15,0.14,0.12,NULL,"TACO 4ª edição","2026-01-30 22:41:52","2026-03-07 05:54:08"
474,474,BEBIDAS_ALCOOLICAS_E_NAO_ALCOOLICAS,"Cerveja, pilsen 2",92.38,40.72,170.37,0.56,0.00,0.00,3.32,0.00,0.12,NULL,"TACO 4ª edição","2026-01-30 22:41:52","2026-03-07 05:54:08"
475,475,BEBIDAS_ALCOOLICAS_E_NAO_ALCOOLICAS,"Chá, erva-doce, infusão 5%",99.61,1.40,5.85,0.00,0.00,0.00,0.39,0.00,0.00,NULL,"TACO 4ª edição","2026-01-30 22:41:52","2026-03-07 05:54:08"
476,476,BEBIDAS_ALCOOLICAS_E_NAO_ALCOOLICAS,"Chá, mate, infusão 5%",99.31,2.73,11.43,0.00,0.05,0.00,0.64,0.00,0.00,NULL,"TACO 4ª edição","2026-01-30 22:41:52","2026-03-07 05:54:08"
477,477,BEBIDAS_ALCOOLICAS_E_NAO_ALCOOLICAS,"Chá, preto, infusão 5%",99.37,2.25,9.41,0.00,0.00,0.00,0.63,0.00,0.00,NULL,"TACO 4ª edição","2026-01-30 22:41:52","2026-03-07 05:54:08"
478,478,BEBIDAS_ALCOOLICAS_E_NAO_ALCOOLICAS,"Coco, água de",94.25,21.51,89.99,0.00,0.00,0.00,5.28,0.13,0.46,NULL,"TACO 4ª edição","2026-01-30 22:41:52","2026-03-07 05:54:08"
479,479,BEBIDAS_ALCOOLICAS_E_NAO_ALCOOLICAS,"Refrigerante, tipo água tônica",92.01,30.78,128.78,0.00,0.00,0.00,7.95,0.00,0.04,NULL,"TACO 4ª edição","2026-01-30 22:41:52","2026-03-07 05:54:08"
480,480,BEBIDAS_ALCOOLICAS_E_NAO_ALCOOLICAS,"Refrigerante, tipo cola",91.28,33.51,140.22,0.00,0.00,0.00,8.66,0.00,0.06,NULL,"TACO 4ª edição","2026-01-30 22:41:52","2026-03-07 05:54:08"
481,481,BEBIDAS_ALCOOLICAS_E_NAO_ALCOOLICAS,"Refrigerante, tipo guaraná",89.96,38.70,161.92,0.00,0.00,0.00,10.00,0.00,0.04,NULL,"TACO 4ª edição","2026-01-30 22:41:52","2026-03-07 05:54:08"
482,482,BEBIDAS_ALCOOLICAS_E_NAO_ALCOOLICAS,"Refrigerante, tipo laranja",88.17,45.63,190.90,0.00,0.00,0.00,11.79,0.00,0.04,NULL,"TACO 4ª edição","2026-01-30 22:41:52","2026-03-07 05:54:08"
483,483,BEBIDAS_ALCOOLICAS_E_NAO_ALCOOLICAS,"Refrigerante, tipo limão",89.69,39.72,166.18,0.00,0.00,0.00,10.26,0.00,0.05,NULL,"TACO 4ª edição","2026-01-30 22:41:52","2026-03-07 05:54:08"
484,484,OVOS_E_DERIVADOS,"Omelete, de queijo",60.49,268.01,1121.34,15.57,22.01,383.83,0.44,0.00,1.49,NULL,"TACO 4ª edição","2026-01-30 22:41:52","2026-03-07 05:54:08"
485,485,OVOS_E_DERIVADOS,"Ovo, de codor0, inteiro, cru",71.67,176.89,740.12,13.69,12.68,568.00,0.77,0.00,1.19,NULL,"TACO 4ª edição","2026-01-30 22:41:52","2026-03-07 05:54:08"
486,486,OVOS_E_DERIVADOS,"Ovo, de galinha, clara, cozida/10minutos",85.23,59.44,248.68,13.45,0.09,0.00,0.00,0.00,0.67,NULL,"TACO 4ª edição","2026-01-30 22:41:52","2026-03-07 05:54:08"
487,487,OVOS_E_DERIVADOS,"Ovo, de galinha, gema, cozida/10minutos",50.02,352.67,1475.59,15.90,30.78,1272.37,1.56,0.00,1.74,NULL,"TACO 4ª edição","2026-01-30 22:41:52","2026-03-07 05:54:08"
488,488,OVOS_E_DERIVADOS,"Ovo, de galinha, inteiro, cozido/10minutos",75.77,145.70,609.61,13.29,9.48,396.57,0.61,0.00,0.85,NULL,"TACO 4ª edição","2026-01-30 22:41:52","2026-03-07 05:54:08"
489,489,OVOS_E_DERIVADOS,"Ovo, de galinha, inteiro, cru",75.60,143.11,598.78,13.03,8.90,355.94,1.64,0.00,0.83,NULL,"TACO 4ª edição","2026-01-30 22:41:52","2026-03-07 05:54:08"
490,490,OVOS_E_DERIVADOS,"Ovo, de galinha, inteiro, frito",63.50,240.19,1004.94,15.62,18.59,516.26,1.19,0.00,1.10,NULL,"TACO 4ª edição","2026-01-30 22:41:52","2026-03-07 05:54:08"
491,491,PRODUTOS_ACUCARADOS,"Achocolatado, pó",1.10,401.02,1677.87,4.20,2.17,0.00,91.18,3.89,1.35,NULL,"TACO 4ª edição","2026-01-30 22:41:52","2026-03-07 05:54:08"
492,492,PRODUTOS_ACUCARADOS,"Açúcar, cristal",0.05,386.85,1619.21,0.32,0.00,0.00,99.61,0.00,0.00,NULL,"TACO 4ª edição","2026-01-30 22:41:52","2026-03-07 05:54:08"
493,493,PRODUTOS_ACUCARADOS,"Açúcar, mascavo",3.32,368.55,1542.03,0.76,0.09,0.00,94.45,0.00,1.38,NULL,"TACO 4ª edição","2026-01-30 22:41:52","2026-03-07 05:54:08"
494,494,PRODUTOS_ACUCARADOS,"Açúcar, refi0do",0.12,386.57,1617.43,0.32,0.00,0.00,99.54,0.00,0.00,NULL,"TACO 4ª edição","2026-01-30 22:41:52","2026-03-07 05:54:08"
495,495,PRODUTOS_ACUCARADOS,"Chocolate, ao leite",1.26,539.59,2257.63,7.22,30.27,16.52,59.58,2.17,1.68,NULL,"TACO 4ª edição","2026-01-30 22:41:52","2026-03-07 05:54:08"
496,496,PRODUTOS_ACUCARADOS,"Chocolate, ao leite, com castanha do Pará",1.21,558.88,2338.34,7.41,34.19,15.50,55.38,2.46,1.81,NULL,"TACO 4ª edição","2026-01-30 22:41:52","2026-03-07 05:54:08"
497,497,PRODUTOS_ACUCARADOS,"Chocolate, ao leite, dietético",1.73,556.82,2329.75,6.90,33.77,12.96,56.32,2.85,1.28,NULL,"TACO 4ª edição","2026-01-30 22:41:52","2026-03-07 05:54:08"
498,498,PRODUTOS_ACUCARADOS,"Chocolate, meio amargo",1.02,474.92,1987.06,4.86,29.86,2.22,62.42,4.94,1.84,NULL,"TACO 4ª edição","2026-01-30 22:41:52","2026-03-07 05:54:08"
499,499,PRODUTOS_ACUCARADOS,"Cocada branca",3.42,448.85,1877.97,1.12,13.59,0.00,81.38,3.57,0.48,NULL,"TACO 4ª edição","2026-01-30 22:41:52","2026-03-07 05:54:08"
500,500,PRODUTOS_ACUCARADOS,"Doce, de abóbora, cremoso",43.88,198.94,832.35,0.92,0.21,0.00,54.61,2.28,0.38,NULL,"TACO 4ª edição","2026-01-30 22:41:52","2026-03-07 05:54:08"
501,501,PRODUTOS_ACUCARADOS,"Doce, de leite, cremoso",27.50,306.31,1281.60,5.48,5.99,20.06,59.49,0.00,1.54,NULL,"TACO 4ª edição","2026-01-30 22:41:52","2026-03-07 05:54:08"
502,502,PRODUTOS_ACUCARADOS,"Geléia, mocotó, 0tural",73.48,106.09,443.87,2.13,0.07,0.00,24.23,0.00,0.09,NULL,"TACO 4ª edição","2026-01-30 22:41:52","2026-03-07 05:54:08"
503,503,PRODUTOS_ACUCARADOS,"Glicose de milho",20.41,292.12,1222.22,0.00,0.00,0.00,79.38,0.00,0.21,NULL,"TACO 4ª edição","2026-01-30 22:41:52","2026-03-07 05:54:08"
504,504,PRODUTOS_ACUCARADOS,"Maria mole",21.57,301.24,1260.37,3.81,0.19,0.00,73.55,0.67,0.87,NULL,"TACO 4ª edição","2026-01-30 22:41:52","2026-03-07 05:54:08"
505,505,PRODUTOS_ACUCARADOS,"Maria mole, coco queimado",20.73,306.63,1282.95,3.93,0.09,0.00,75.06,0.64,0.18,NULL,"TACO 4ª edição","2026-01-30 22:41:52","2026-03-07 05:54:08"
506,506,PRODUTOS_ACUCARADOS,Marmelada,28.50,257.24,1076.30,0.40,0.14,0.00,70.76,4.07,0.20,NULL,"TACO 4ª edição","2026-01-30 22:41:52","2026-03-07 05:54:08"
507,507,PRODUTOS_ACUCARADOS,"Mel, de abelha",15.82,309.24,1293.87,0.00,0.00,0.00,84.03,0.00,0.14,NULL,"TACO 4ª edição","2026-01-30 22:41:52","2026-03-07 05:54:08"
508,508,PRODUTOS_ACUCARADOS,Melado,22.09,296.51,1240.58,0.00,0.00,0.00,76.62,0.00,1.30,NULL,"TACO 4ª edição","2026-01-30 22:41:52","2026-03-07 05:54:08"
509,509,PRODUTOS_ACUCARADOS,Quindim,23.93,411.35,1721.08,4.74,24.43,271.02,46.30,3.22,0.61,NULL,"TACO 4ª edição","2026-01-30 22:41:52","2026-03-07 05:54:08"
510,510,PRODUTOS_ACUCARADOS,Rapadura,7.10,351.96,1472.59,0.99,0.07,0.00,90.79,0.00,1.05,NULL,"TACO 4ª edição","2026-01-30 22:41:52","2026-03-07 05:54:08"
511,511,MISCELANEAS,"Café, pó, torrado",2.93,418.62,1751.50,14.70,11.95,0.00,65.75,51.23,4.67,NULL,"TACO 4ª edição","2026-01-30 22:41:52","2026-03-07 05:54:08"
512,512,MISCELANEAS,"Capuccino, pó",2.60,417.41,1746.43,11.31,8.63,28.90,73.61,2.44,3.84,NULL,"TACO 4ª edição","2026-01-30 22:41:52","2026-03-07 05:54:08"
513,513,MISCELANEAS,"Fermento em pó, químico",7.08,89.72,375.40,0.48,0.07,0.00,43.91,0.00,48.46,NULL,"TACO 4ª edição","2026-01-30 22:41:52","2026-03-07 05:54:08"
514,514,MISCELANEAS,"Fermento, biológico, levedura, tablete",71.90,89.79,375.70,16.96,1.52,0.00,7.70,4.17,1.93,NULL,"TACO 4ª edição","2026-01-30 22:41:52","2026-03-07 05:54:08"
515,515,MISCELANEAS,"Gelati0, sabores variados, pó",1.24,380.22,1590.85,8.89,0.00,0.00,89.22,0.00,0.62,NULL,"TACO 4ª edição","2026-01-30 22:41:52","2026-03-07 05:54:08"
516,516,MISCELANEAS,"Sal, dietético",0.60,0.00,0.00,0.00,0.00,0.00,0.00,0.00,99.40,NULL,"TACO 4ª edição","2026-01-30 22:41:52","2026-03-07 05:54:08"
517,517,MISCELANEAS,"Sal, grosso",0.41,0.00,0.00,0.00,0.00,0.00,0.00,0.00,NULL,NULL,"TACO 4ª edição","2026-01-30 22:41:52","2026-03-07 05:54:08"
518,518,MISCELANEAS,Shoyu,70.63,60.93,254.92,3.31,0.33,0.00,11.65,0.00,14.09,NULL,"TACO 4ª edição","2026-01-30 22:41:52","2026-03-07 05:54:08"
519,519,MISCELANEAS,"Tempero a base de sal",7.65,21.33,89.24,2.67,0.26,0.00,2.07,0.56,87.35,NULL,"TACO 4ª edição","2026-01-30 22:41:52","2026-03-07 05:54:08"
520,520,OUTROS_ALIMENTOS_INDUSTRIALIZADOS,"Azeito0, preta, conserva",68.46,194.15,812.34,1.16,20.35,0.00,5.54,4.56,4.48,NULL,"TACO 4ª edição","2026-01-30 22:41:52","2026-03-07 05:54:08"
521,521,OUTROS_ALIMENTOS_INDUSTRIALIZADOS,"Azeito0, verde, conserva",76.26,136.94,572.94,0.95,14.22,0.00,4.10,3.85,4.48,NULL,"TACO 4ª edição","2026-01-30 22:41:52","2026-03-07 05:54:08"
522,522,OUTROS_ALIMENTOS_INDUSTRIALIZADOS,"Chantilly, spray, com gordura vegetal",55.14,314.96,1317.78,0.53,27.27,0.00,16.86,0.00,0.21,NULL,"TACO 4ª edição","2026-01-30 22:41:52","2026-03-07 05:54:08"
523,523,OUTROS_ALIMENTOS_INDUSTRIALIZADOS,"Leite, de coco",77.98,166.16,695.21,1.01,18.36,0.00,2.19,0.68,0.44,NULL,"TACO 4ª edição","2026-01-30 22:41:52","2026-03-07 05:54:08"
524,524,OUTROS_ALIMENTOS_INDUSTRIALIZADOS,"Maionese, 0adicio0l com ovos",58.42,302.15,1264.21,0.58,30.50,42.47,7.90,0.00,2.60,NULL,"TACO 4ª edição","2026-01-30 22:41:52","2026-03-07 05:54:08"
525,525,ALIMENTOS_PREPARADOS,Acarajé,50.46,289.21,1210.06,8.35,19.93,25.46,19.11,9.36,2.15,NULL,"TACO 4ª edição","2026-01-30 22:41:52","2026-03-07 05:54:08"
526,526,ALIMENTOS_PREPARADOS,"Arroz carreteiro",68.04,153.77,643.38,10.83,7.12,36.09,11.58,1.50,2.43,NULL,"TACO 4ª edição","2026-01-30 22:41:52","2026-03-07 05:54:08"
527,527,ALIMENTOS_PREPARADOS,"Baião de dois, arroz e feijão-de-corda",69.05,135.68,567.69,6.24,3.23,4.10,20.42,5.07,1.06,NULL,"TACO 4ª edição","2026-01-30 22:41:52","2026-03-07 05:54:08"
528,528,ALIMENTOS_PREPARADOS,Barreado,71.17,164.98,690.26,18.27,9.53,60.11,0.24,0.15,0.79,NULL,"TACO 4ª edição","2026-01-30 22:41:52","2026-03-07 05:54:08"
529,529,ALIMENTOS_PREPARADOS,"Bife à cavalo, com con0a filé",54.21,291.23,1218.50,23.66,21.15,256.63,0.00,0.00,1.12,NULL,"TACO 4ª edição","2026-01-30 22:41:52","2026-03-07 05:54:08"
530,530,ALIMENTOS_PREPARADOS,"Bolinho de arroz",41.50,273.51,1144.38,8.04,8.29,70.30,41.68,2.74,0.49,NULL,"TACO 4ª edição","2026-01-30 22:41:52","2026-03-07 05:54:08"
531,531,ALIMENTOS_PREPARADOS,"Camarão à baia0",81.99,100.78,421.68,7.94,5.97,116.78,3.17,0.39,0.93,NULL,"TACO 4ª edição","2026-01-30 22:41:52","2026-03-07 05:54:08"
532,532,ALIMENTOS_PREPARADOS,"Charuto, de repolho",81.55,78.23,327.33,6.78,1.12,21.34,10.13,1.46,0.42,NULL,"TACO 4ª edição","2026-01-30 22:41:52","2026-03-07 05:54:08"
533,533,ALIMENTOS_PREPARADOS,"Cuscuz, de milho, cozido com sal",71.14,113.46,474.71,2.16,0.68,0.00,25.28,2.05,0.75,NULL,"TACO 4ª edição","2026-01-30 22:41:52","2026-03-07 05:54:08"
534,534,ALIMENTOS_PREPARADOS,"Cuscuz, paulista",68.94,142.12,594.64,2.56,4.65,15.05,22.51,2.43,1.34,NULL,"TACO 4ª edição","2026-01-30 22:41:52","2026-03-07 05:54:08"
535,535,ALIMENTOS_PREPARADOS,"Cuxá, molho",80.99,80.09,335.10,5.64,3.59,58.39,5.74,3.02,4.03,NULL,"TACO 4ª edição","2026-01-30 22:41:52","2026-03-07 05:54:08"
536,536,ALIMENTOS_PREPARADOS,Dobradinha,75.27,124.50,520.91,19.77,4.44,144.02,0.00,0.00,0.29,NULL,"TACO 4ª edição","2026-01-30 22:41:52","2026-03-07 05:54:08"
537,537,ALIMENTOS_PREPARADOS,"Es0ogonofe de carne",70.13,173.14,724.42,15.03,10.80,66.22,2.98,NULL,1.06,NULL,"TACO 4ª edição","2026-01-30 22:41:52","2026-03-07 05:54:08"
538,538,ALIMENTOS_PREPARADOS,"Es0ogonofe de frango",70.89,156.81,656.08,17.55,7.96,79.96,2.59,NULL,1.00,NULL,"TACO 4ª edição","2026-01-30 22:41:52","2026-03-07 05:54:08"
539,539,ALIMENTOS_PREPARADOS,"Feijão 0opeiro mineiro",61.67,151.56,634.13,10.17,6.79,67.88,19.58,3.57,1.79,NULL,"TACO 4ª edição","2026-01-30 22:41:52","2026-03-07 05:54:08"
540,540,ALIMENTOS_PREPARADOS,L,71.80,116.93,489.25,8.67,6.48,21.96,11.64,5.09,1.41,NULL,"TACO 4ª edição","2026-01-30 22:41:52","2026-03-07 05:54:08"
541,541,ALIMENTOS_PREPARADOS,"Frango, com açafrão",79.52,112.78,471.89,9.70,6.17,50.42,4.06,0.22,0.55,NULL,"TACO 4ª edição","2026-01-30 22:41:52","2026-03-07 05:54:08"
542,542,ALIMENTOS_PREPARADOS,"Macarrão, molho bolognesa",71.41,119.53,500.12,4.93,0.89,6.93,22.52,0.78,0.24,NULL,"TACO 4ª edição","2026-01-30 22:41:52","2026-03-07 05:54:08"
543,543,ALIMENTOS_PREPARADOS,Maniçoba,76.40,134.22,561.59,9.96,8.70,42.77,3.42,2.16,1.53,NULL,"TACO 4ª edição","2026-01-30 22:41:52","2026-03-07 05:54:08"
544,544,ALIMENTOS_PREPARADOS,Quibebe,81.11,86.35,361.29,8.56,2.67,0.00,6.64,1.67,1.02,NULL,"TACO 4ª edição","2026-01-30 22:41:52","2026-03-07 05:54:08"
545,545,ALIMENTOS_PREPARADOS,"Salada, de legumes, com maionese",82.04,96.10,402.10,1.05,7.04,7.20,8.92,2.22,0.95,NULL,"TACO 4ª edição","2026-01-30 22:41:52","2026-03-07 05:54:08"
546,546,ALIMENTOS_PREPARADOS,"Salada, de legumes, cozida no vapor",89.98,35.41,148.15,2.01,0.31,0.00,7.09,2.51,0.61,NULL,"TACO 4ª edição","2026-01-30 22:41:52","2026-03-07 05:54:08"
547,547,ALIMENTOS_PREPARADOS,"Salpicão, de frango",72.53,147.86,618.67,13.93,7.84,52.52,4.57,0.41,1.14,NULL,"TACO 4ª edição","2026-01-30 22:41:52","2026-03-07 05:54:08"
548,548,ALIMENTOS_PREPARADOS,Sarapatel,74.95,122.98,514.56,18.47,4.42,315.36,1.09,NULL,1.06,NULL,"TACO 4ª edição","2026-01-30 22:41:52","2026-03-07 05:54:08"
549,549,ALIMENTOS_PREPARADOS,Tabule,85.77,57.45,240.39,2.05,1.21,0.00,10.58,2.08,0.39,NULL,"TACO 4ª edição","2026-01-30 22:41:52","2026-03-07 05:54:08"
550,550,ALIMENTOS_PREPARADOS,Tacacá,85.19,46.89,196.18,6.96,0.36,70.56,3.39,0.21,4.10,NULL,"TACO 4ª edição","2026-01-30 22:41:52","2026-03-07 05:54:08"
551,551,ALIMENTOS_PREPARADOS,"Tapioca, com manteiga",24.90,347.83,1455.31,0.09,10.91,31.19,63.59,0.00,0.51,NULL,"TACO 4ª edição","2026-01-30 22:41:52","2026-03-07 05:54:08"
552,552,ALIMENTOS_PREPARADOS,"Tucupi, com pimenta-de-cheiro",91.88,27.18,113.74,2.06,0.28,0.00,4.74,0.23,1.04,NULL,"TACO 4ª edição","2026-01-30 22:41:52","2026-03-07 05:54:08"
553,553,ALIMENTOS_PREPARADOS,"Vaca atolada",74.95,144.90,606.25,5.12,9.32,18.59,10.06,2.34,0.54,NULL,"TACO 4ª edição","2026-01-30 22:41:52","2026-03-07 05:54:08"
554,554,ALIMENTOS_PREPARADOS,Vatapá,58.36,254.89,1066.47,6.00,23.23,44.45,9.75,1.70,2.67,NULL,"TACO 4ª edição","2026-01-30 22:41:52","2026-03-07 05:54:08"
555,555,ALIMENTOS_PREPARADOS,"Virado à paulista",48.59,306.95,1284.27,10.18,25.59,65.84,14.11,2.16,1.53,NULL,"TACO 4ª edição","2026-01-30 22:41:52","2026-03-07 05:54:08"
556,556,ALIMENTOS_PREPARADOS,Yakisoba,69.38,112.80,471.96,7.52,2.61,0.00,18.25,1.06,2.25,NULL,"TACO 4ª edição","2026-01-30 22:41:52","2026-03-07 05:54:08"
557,557,LEGUMINOSAS_E_DERIVADOS,"Amendoim, grão, cru",6.43,544.05,2276.32,27.19,43.85,0.00,20.31,8.04,2.22,NULL,"TACO 4ª edição","2026-01-30 22:41:52","2026-03-07 05:54:08"
558,558,LEGUMINOSAS_E_DERIVADOS,"Amendoim, torrado, salgado",1.69,605.78,2534.59,22.48,53.96,0.00,18.70,7.76,3.17,NULL,"TACO 4ª edição","2026-01-30 22:41:52","2026-03-07 05:54:08"
559,559,LEGUMINOSAS_E_DERIVADOS,"Ervilha, em vagem",76.84,88.09,366.97,7.45,0.47,0.00,14.23,9.72,1.01,NULL,"TACO 4ª edição","2026-01-30 22:41:52","2026-03-07 05:54:08"
560,560,LEGUMINOSAS_E_DERIVADOS,"Ervilha, enlatada, dre0da",80.14,73.84,308.97,4.60,0.38,0.00,13.44,5.08,1.44,NULL,"TACO 4ª edição","2026-01-30 22:41:52","2026-03-07 05:54:08"
561,561,LEGUMINOSAS_E_DERIVADOS,"Feijão, carioca, cozido",80.35,76.42,319.76,4.78,0.54,0.00,13.59,8.51,0.74,NULL,"TACO 4ª edição","2026-01-30 22:41:52","2026-03-07 05:54:08"
562,562,LEGUMINOSAS_E_DERIVADOS,"Feijão, carioca, cru",14.00,329.03,1376.65,19.98,1.26,0.00,61.22,18.42,3.54,NULL,"TACO 4ª edição","2026-01-30 22:41:52","2026-03-07 05:54:08"
563,563,LEGUMINOSAS_E_DERIVADOS,"Feijão, fradinho, cozido",80.01,78.01,326.39,5.09,0.64,0.00,13.50,7.47,0.75,NULL,"TACO 4ª edição","2026-01-30 22:41:52","2026-03-07 05:54:08"
564,564,LEGUMINOSAS_E_DERIVADOS,"Feijão, fradinho, cru",12.70,339.16,1419.07,20.21,2.37,0.00,61.24,23.59,3.49,NULL,"TACO 4ª edição","2026-01-30 22:41:52","2026-03-07 05:54:08"
565,565,LEGUMINOSAS_E_DERIVADOS,"Feijão, jalo, cozido",75.84,92.74,388.02,6.14,0.51,0.00,16.50,13.87,1.01,NULL,"TACO 4ª edição","2026-01-30 22:41:52","2026-03-07 05:54:08"
566,566,LEGUMINOSAS_E_DERIVADOS,"Feijão, jalo, cru",13.53,327.91,1371.96,20.10,0.95,0.00,61.48,30.32,3.94,NULL,"TACO 4ª edição","2026-01-30 22:41:52","2026-03-07 05:54:08"
567,567,LEGUMINOSAS_E_DERIVADOS,"Feijão, preto, cozido",80.22,77.03,322.28,4.48,0.54,0.00,14.01,8.40,0.76,NULL,"TACO 4ª edição","2026-01-30 22:41:52","2026-03-07 05:54:08"
568,568,LEGUMINOSAS_E_DERIVADOS,"Feijão, preto, cru",14.88,323.57,1353.80,21.34,1.24,0.00,58.75,21.83,3.79,NULL,"TACO 4ª edição","2026-01-30 22:41:52","2026-03-07 05:54:08"
569,569,LEGUMINOSAS_E_DERIVADOS,"Feijão, rajado, cozido",77.86,84.70,354.39,5.54,0.40,0.00,15.27,9.32,0.93,NULL,"TACO 4ª edição","2026-01-30 22:41:52","2026-03-07 05:54:08"
570,570,LEGUMINOSAS_E_DERIVADOS,"Feijão, rajado, cru",14.96,325.84,1363.33,17.27,1.17,0.00,62.93,24.01,3.67,NULL,"TACO 4ª edição","2026-01-30 22:41:52","2026-03-07 05:54:08"
571,571,LEGUMINOSAS_E_DERIVADOS,"Feijão, rosinha, cozido",82.58,67.87,283.95,4.54,0.48,0.00,11.82,4.76,0.58,NULL,"TACO 4ª edição","2026-01-30 22:41:52","2026-03-07 05:54:08"
572,572,LEGUMINOSAS_E_DERIVADOS,"Feijão, rosinha, cru",11.95,336.96,1409.85,20.92,1.33,0.00,62.22,20.63,3.58,NULL,"TACO 4ª edição","2026-01-30 22:41:52","2026-03-07 05:54:08"
573,573,LEGUMINOSAS_E_DERIVADOS,"Feijão, roxo, cozido",79.99,76.89,321.72,5.72,0.54,0.00,12.91,11.51,0.85,NULL,"TACO 4ª edição","2026-01-30 22:41:52","2026-03-07 05:54:08"
574,574,LEGUMINOSAS_E_DERIVADOS,"Feijão, roxo, cru",12.64,331.41,1386.64,22.17,1.24,0.00,59.99,33.84,3.97,NULL,"TACO 4ª edição","2026-01-30 22:41:52","2026-03-07 05:54:08"
575,575,LEGUMINOSAS_E_DERIVADOS,"Grão-de-bico, cru",12.29,354.70,1484.08,21.23,5.43,0.00,57.88,12.36,3.17,NULL,"TACO 4ª edição","2026-01-30 22:41:52","2026-03-07 05:54:08"
576,576,LEGUMINOSAS_E_DERIVADOS,"Guandu, cru",11.45,344.13,1439.86,18.96,2.13,0.00,64.00,21.31,3.45,NULL,"TACO 4ª edição","2026-01-30 22:41:52","2026-03-07 05:54:08"
577,577,LEGUMINOSAS_E_DERIVADOS,"Lentilha, cozida",76.25,92.64,387.60,6.31,0.52,0.00,16.30,7.86,0.61,NULL,"TACO 4ª edição","2026-01-30 22:41:52","2026-03-07 05:54:08"
578,578,LEGUMINOSAS_E_DERIVADOS,"Lentilha, crua",11.47,339.14,1418.97,23.15,0.77,0.00,62.00,16.94,2.61,NULL,"TACO 4ª edição","2026-01-30 22:41:52","2026-03-07 05:54:08"
579,579,LEGUMINOSAS_E_DERIVADOS,"Paçoca, amendoim",1.80,486.93,2037.30,16.00,26.08,0.00,52.38,7.32,3.75,NULL,"TACO 4ª edição","2026-01-30 22:41:52","2026-03-07 05:54:08"
580,580,LEGUMINOSAS_E_DERIVADOS,"Pé-de-moleque, amendoim",2.91,503.19,2105.35,13.16,28.05,0.00,54.73,3.39,1.15,NULL,"TACO 4ª edição","2026-01-30 22:41:52","2026-03-07 05:54:08"
581,581,LEGUMINOSAS_E_DERIVADOS,"Soja, farinha",5.75,403.96,1690.15,36.03,14.63,0.00,38.44,20.18,5.15,NULL,"TACO 4ª edição","2026-01-30 22:41:52","2026-03-07 05:54:08"
582,582,LEGUMINOSAS_E_DERIVADOS,"Soja, ex0ato solúvel, 0tural, fluido",91.28,39.10,163.61,2.38,1.61,0.00,4.28,0.37,0.45,NULL,"TACO 4ª edição","2026-01-30 22:41:52","2026-03-07 05:54:08"
583,583,LEGUMINOSAS_E_DERIVADOS,"Soja, ex0ato solúvel, pó",4.47,458.90,1920.02,35.69,26.18,0.00,28.48,7.31,5.18,NULL,"TACO 4ª edição","2026-01-30 22:41:52","2026-03-07 05:54:08"
584,584,LEGUMINOSAS_E_DERIVADOS,"Soja, queijo (tofu)",86.65,64.49,269.81,6.55,3.95,0.00,2.13,0.75,0.72,NULL,"TACO 4ª edição","2026-01-30 22:41:52","2026-03-07 05:54:08"
585,585,LEGUMINOSAS_E_DERIVADOS,"0emoço, cru",9.69,381.28,1595.27,33.58,10.34,0.00,43.79,32.31,2.60,NULL,"TACO 4ª edição","2026-01-30 22:41:52","2026-03-07 05:54:08"
586,586,LEGUMINOSAS_E_DERIVADOS,"0emoço, em conserva",67.68,120.64,504.77,11.11,3.78,0.00,12.39,14.44,5.03,NULL,"TACO 4ª edição","2026-01-30 22:41:52","2026-03-07 05:54:08"
587,587,NOZES_E_SEMENTES,"Amêndoa, torrada, salgada",3.11,580.75,2429.85,18.55,47.32,0.00,29.55,11.64,1.47,NULL,"TACO 4ª edição","2026-01-30 22:41:52","2026-03-07 05:49:35"
588,588,NOZES_E_SEMENTES,"Castanha-de-caju, torrada, salgada",3.46,570.17,2385.58,18.51,46.28,0.00,29.13,3.66,2.61,NULL,"TACO 4ª edição","2026-01-30 22:41:52","2026-03-07 05:49:35"
589,589,NOZES_E_SEMENTES,"Castanha-do-Brasil, crua",3.52,642.96,2690.16,14.54,63.46,0.00,15.08,7.93,3.40,NULL,"TACO 4ª edição","2026-01-30 22:41:52","2026-03-07 05:49:35"
590,590,NOZES_E_SEMENTES,"Coco, cru",42.96,406.49,1700.74,3.69,41.98,0.00,10.40,5.38,0.97,NULL,"TACO 4ª edição","2026-01-30 22:41:52","2026-03-07 05:49:35"
591,591,NOZES_E_SEMENTES,"Coco,  verde, cru",NULL,NULL,NULL,NULL,NULL,NULL,NULL,NULL,NULL,NULL,"TACO 4ª edição","2026-01-30 22:41:52","2026-03-07 05:49:35"
592,592,NOZES_E_SEMENTES,"Farinha, de mesocarpo de babaçu, crua",15.82,328.77,1375.58,1.41,0.20,0.00,79.17,17.86,3.40,NULL,"TACO 4ª edição","2026-01-30 22:41:52","2026-03-07 05:49:35"
593,593,NOZES_E_SEMENTES,"Gergelim, semente",3.86,583.55,2441.56,21.16,50.43,0.00,21.62,11.87,2.93,NULL,"TACO 4ª edição","2026-01-30 22:41:52","2026-03-07 05:49:35"
594,594,NOZES_E_SEMENTES,"Linhaça, semente",6.68,495.10,2071.53,14.08,32.25,0.00,43.31,33.50,3.67,NULL,"TACO 4ª edição","2026-01-30 22:41:52","2026-03-07 05:49:35"
595,595,NOZES_E_SEMENTES,"Pinhão, cozido",50.51,174.37,729.56,2.98,0.75,0.00,43.92,15.60,1.84,NULL,"TACO 4ª edição","2026-01-30 22:41:52","2026-03-07 05:49:35"
596,596,NOZES_E_SEMENTES,"Pupunha, cozida",54.46,218.53,914.35,2.52,12.76,0.00,29.57,4.25,0.69,NULL,"TACO 4ª edição","2026-01-30 22:41:52","2026-03-07 05:49:35"
597,597,NOZES_E_SEMENTES,"Noz, crua",6.24,620.06,2594.33,13.97,59.36,0.00,18.36,7.25,2.06,NULL,"TACO 4ª edição","2026-01-30 22:41:52","2026-03-07 05:49:35"
